city,Latitude,Longitude,time_iso8601,weather_code_wmo_code,temperature_2m_max_deg_C,temperature_2m_min_deg_C,temperature_2m_mean_deg_C,apparent_temperature_max_deg_C,apparent_temperature_min_deg_C,apparent_temperature_mean_deg_C,sunrise_iso8601,sunset_iso8601,daylight_duration_s,sunshine_duration_s,precipitation_sum_mm,rain_sum_mm,snowfall_sum_cm,precipitation_hours_h,wind_speed_10m_max_km_per_h,wind_gusts_10m_max_km_per_h,wind_direction_10m_dominant_deg_,shortwave_radiation_sum_MJ_per_msq,et0_fao_evapotranspiration_mm
Düsseldorf,51.2254018,6.7763137,2024-01-01,61,8.3,6.2,7.0,3.2,1.6,2.4,2024-01-01T07:37,2024-01-01T15:35,28699.64,13963.24,4.2,4.2,0.0,14.0,29.2,51.5,219,2.43,0.86
Düsseldorf,51.2254018,6.7763137,2024-01-02,63,11.5,7.0,9.8,8.0,2.3,5.5,2024-01-02T07:36,2024-01-02T15:36,28769.25,2551.11,23.1,23.1,0.0,21.0,35.9,68.8,208,0.78,0.62
Düsseldorf,51.2254018,6.7763137,2024-01-03,55,10.2,7.5,8.9,5.8,3.2,4.4,2024-01-03T07:36,2024-01-03T15:37,28844.58,13357.41,8.7,8.7,0.0,17.0,32.7,59.0,237,2.23,0.69
Düsseldorf,51.2254018,6.7763137,2024-01-04,53,8.0,5.1,7.0,4.5,2.3,3.4,2024-01-04T07:36,2024-01-04T15:38,28925.5,3863.98,4.4,4.4,0.0,15.0,24.2,45.0,247,1.15,0.28
Düsseldorf,51.2254018,6.7763137,2024-01-05,55,8.1,5.7,7.2,3.7,1.8,2.8,2024-01-05T07:36,2024-01-05T15:39,29011.85,5136.24,2.1,2.1,0.0,10.0,23.9,45.0,192,1.3,0.65
Düsseldorf,51.2254018,6.7763137,2024-01-06,51,6.5,1.7,3.8,4.0,-1.9,0.5,2024-01-06T07:36,2024-01-06T15:40,29103.47,0.0,1.1,1.1,0.0,10.0,13.1,25.6,330,0.67,0.21
Düsseldorf,51.2254018,6.7763137,2024-01-07,51,2.0,-2.3,0.2,-1.8,-7.4,-4.8,2024-01-07T07:35,2024-01-07T15:42,29200.23,3742.22,0.4,0.4,0.0,3.0,21.7,39.6,30,2.19,0.54
Düsseldorf,51.2254018,6.7763137,2024-01-08,3,-1.3,-4.9,-2.9,-7.5,-10.2,-8.6,2024-01-08T07:35,2024-01-08T15:43,29301.95,18657.08,0.0,0.0,0.0,0.0,23.4,42.5,42,3.74,0.81
Düsseldorf,51.2254018,6.7763137,2024-01-09,0,-0.2,-5.8,-3.9,-5.9,-10.9,-9.3,2024-01-09T07:34,2024-01-09T15:44,29408.48,24323.23,0.0,0.0,0.0,0.0,17.1,32.0,40,4.91,0.94
Düsseldorf,51.2254018,6.7763137,2024-01-10,2,2.1,-5.7,-3.1,-2.2,-11.0,-7.5,2024-01-10T07:34,2024-01-10T15:46,29519.68,24261.69,0.0,0.0,0.0,0.0,11.2,19.1,77,4.53,0.66
Düsseldorf,51.2254018,6.7763137,2024-01-11,3,0.6,-5.7,-2.8,-4.1,-10.0,-6.7,2024-01-11T07:33,2024-01-11T15:47,29635.39,24398.7,0.0,0.0,0.0,0.0,11.2,22.3,355,4.72,0.46
Düsseldorf,51.2254018,6.7763137,2024-01-12,51,2.1,-1.2,0.4,-1.3,-4.0,-2.6,2024-01-12T07:33,2024-01-12T15:48,29755.44,0.0,0.3,0.3,0.0,3.0,8.3,16.6,258,1.39,0.21
Düsseldorf,51.2254018,6.7763137,2024-01-13,51,2.6,-0.1,1.2,-2.0,-3.7,-3.0,2024-01-13T07:32,2024-01-13T15:50,29879.96,0.0,0.2,0.2,0.0,2.0,19.0,33.5,246,0.94,0.19
Düsseldorf,51.2254018,6.7763137,2024-01-14,73,1.6,-0.2,0.5,-3.5,-5.7,-4.5,2024-01-14T07:31,2024-01-14T15:51,30010.3,0.0,2.2,0.6,1.12,12.0,22.1,38.9,248,1.1,0.27
Düsseldorf,51.2254018,6.7763137,2024-01-15,73,2.5,-0.9,0.6,-2.9,-6.0,-4.7,2024-01-15T07:30,2024-01-15T15:53,30146.44,3277.99,3.4,0.2,2.24,13.0,25.5,48.2,265,2.44,0.39
Düsseldorf,51.2254018,6.7763137,2024-01-16,75,0.9,-4.2,-1.4,-3.7,-8.4,-6.0,2024-01-16T07:30,2024-01-16T15:54,30288.08,16279.84,3.0,0.0,2.1,5.0,17.5,30.6,230,3.86,0.41
Düsseldorf,51.2254018,6.7763137,2024-01-17,75,0.2,-4.5,-2.1,-3.7,-8.9,-6.3,2024-01-17T07:29,2024-01-17T15:56,30434.91,0.0,6.8,0.0,4.76,12.0,15.6,26.6,121,0.89,0.24
Düsseldorf,51.2254018,6.7763137,2024-01-18,73,0.7,-7.1,-3.2,-2.9,-11.6,-7.0,2024-01-18T07:28,2024-01-18T15:57,30586.65,25765.13,1.3,0.0,0.91,5.0,13.0,15.8,307,5.77,0.36
Düsseldorf,51.2254018,6.7763137,2024-01-19,3,-0.2,-8.0,-3.2,-4.0,-12.6,-7.2,2024-01-19T07:27,2024-01-19T15:59,30743.0,25581.71,0.0,0.0,0.0,0.0,13.2,23.0,212,5.25,0.33
Düsseldorf,51.2254018,6.7763137,2024-01-20,3,-1.7,-7.2,-4.3,-5.9,-11.9,-9.0,2024-01-20T07:26,2024-01-20T16:01,30903.68,25467.09,0.0,0.0,0.0,0.0,21.4,36.4,150,5.88,0.45
Düsseldorf,51.2254018,6.7763137,2024-01-21,3,6.4,-2.6,1.5,1.3,-8.6,-3.7,2024-01-21T07:25,2024-01-21T16:02,31068.42,7200.0,0.0,0.0,0.0,0.0,26.2,45.7,160,2.75,0.72
Düsseldorf,51.2254018,6.7763137,2024-01-22,61,11.1,6.6,8.4,5.7,1.1,3.2,2024-01-22T07:24,2024-01-22T16:04,31236.93,17918.84,4.9,4.9,0.0,9.0,37.2,65.5,227,2.61,0.93
Düsseldorf,51.2254018,6.7763137,2024-01-23,53,11.1,4.0,6.7,6.6,-0.4,2.1,2024-01-23T07:22,2024-01-23T16:06,31408.94,14294.41,3.8,3.8,0.0,10.0,29.8,53.6,233,3.36,0.74
Düsseldorf,51.2254018,6.7763137,2024-01-24,51,12.8,7.0,9.9,7.3,3.1,4.9,2024-01-24T07:21,2024-01-24T16:07,31584.21,20103.87,1.2,1.2,0.0,9.0,39.0,78.1,255,4.33,1.25
Düsseldorf,51.2254018,6.7763137,2024-01-25,51,9.1,2.3,6.6,6.3,-0.6,3.8,2024-01-25T07:20,2024-01-25T16:09,31762.47,13458.87,1.3,1.3,0.0,6.0,17.3,31.0,223,3.49,0.47
Düsseldorf,51.2254018,6.7763137,2024-01-26,63,10.9,2.0,7.7,7.2,-1.7,3.8,2024-01-26T07:19,2024-01-26T16:11,31943.47,12278.19,4.8,4.8,0.0,5.0,34.6,63.4,257,2.96,0.7
Düsseldorf,51.2254018,6.7763137,2024-01-27,3,7.7,-1.6,2.3,4.7,-5.3,-1.1,2024-01-27T07:17,2024-01-27T16:13,32126.96,27356.89,0.0,0.0,0.0,0.0,14.3,24.1,176,6.26,0.65
Düsseldorf,51.2254018,6.7763137,2024-01-28,1,9.7,1.1,4.9,5.8,-3.9,-0.3,2024-01-28T07:16,2024-01-28T16:14,32312.7,27553.69,0.0,0.0,0.0,0.0,24.8,42.8,141,6.48,1.54
Düsseldorf,51.2254018,6.7763137,2024-01-29,3,12.4,4.9,7.6,10.6,0.2,4.1,2024-01-29T07:15,2024-01-29T16:16,32500.47,22835.75,0.0,0.0,0.0,0.0,20.7,38.2,146,5.25,1.05
Düsseldorf,51.2254018,6.7763137,2024-01-30,51,12.8,6.2,8.4,10.1,2.7,5.2,2024-01-30T07:13,2024-01-30T16:18,32690.04,4000.2,0.2,0.2,0.0,2.0,19.1,33.5,198,2.44,0.66
Düsseldorf,51.2254018,6.7763137,2024-01-31,51,7.8,3.7,6.0,4.3,-0.5,2.7,2024-01-31T07:12,2024-01-31T16:20,32881.18,4939.03,0.2,0.2,0.0,2.0,18.3,32.0,226,3.08,0.68
Düsseldorf,51.2254018,6.7763137,2024-02-01,61,8.3,1.1,6.2,5.2,-2.0,2.8,2024-02-01T07:10,2024-02-01T16:21,33073.68,25989.18,3.7,3.7,0.0,5.0,21.6,38.5,274,5.92,0.8
Düsseldorf,51.2254018,6.7763137,2024-02-02,51,8.6,2.2,6.4,5.1,-0.7,2.6,2024-02-02T07:09,2024-02-02T16:23,33267.69,1617.08,0.2,0.2,0.0,2.0,21.8,40.7,237,2.88,0.68
Düsseldorf,51.2254018,6.7763137,2024-02-03,51,10.4,7.8,9.0,7.2,3.9,5.6,2024-02-03T07:07,2024-02-03T16:25,33465.15,0.0,1.5,1.5,0.0,9.0,20.2,34.9,248,0.93,0.34
Düsseldorf,51.2254018,6.7763137,2024-02-04,55,11.4,9.2,9.8,6.9,4.8,5.8,2024-02-04T07:06,2024-02-04T16:27,33666.12,2472.97,3.8,3.8,0.0,14.0,30.2,52.9,251,1.48,0.43
Düsseldorf,51.2254018,6.7763137,2024-02-05,3,10.9,7.8,9.0,5.8,3.3,4.4,2024-02-05T07:04,2024-02-05T16:28,33870.36,24705.71,0.0,0.0,0.0,0.0,32.2,58.3,245,5.26,1.12
Düsseldorf,51.2254018,6.7763137,2024-02-06,51,10.2,8.1,9.3,5.4,2.5,4.3,2024-02-06T07:02,2024-02-06T16:30,34077.55,0.0,1.6,1.6,0.0,9.0,31.1,56.5,233,1.32,1.0
Düsseldorf,51.2254018,6.7763137,2024-02-07,63,9.9,1.6,5.0,5.1,-1.2,1.7,2024-02-07T07:01,2024-02-07T16:32,34287.47,0.0,13.8,13.8,0.0,14.0,35.3,61.2,238,1.02,0.32
Düsseldorf,51.2254018,6.7763137,2024-02-08,61,10.9,0.6,5.4,7.7,-2.6,2.7,2024-02-08T06:59,2024-02-08T16:34,34499.85,0.0,10.5,10.5,0.0,13.0,19.9,35.3,158,1.05,0.3
Düsseldorf,51.2254018,6.7763137,2024-02-09,63,13.5,9.0,10.6,10.4,6.5,7.8,2024-02-09T06:57,2024-02-09T16:36,34714.43,15339.7,11.3,11.3,0.0,13.0,21.9,43.9,176,4.42,0.83
Düsseldorf,51.2254018,6.7763137,2024-02-10,55,13.2,7.6,10.1,10.8,4.6,8.0,2024-02-10T06:56,2024-02-10T16:38,34930.98,20585.92,4.1,4.1,0.0,8.0,16.0,31.7,135,5.84,0.79
Düsseldorf,51.2254018,6.7763137,2024-02-11,53,10.8,5.4,8.3,7.8,3.2,5.8,2024-02-11T06:54,2024-02-11T16:39,35149.27,6329.98,1.4,1.4,0.0,4.0,21.0,36.4,203,3.45,0.61
Düsseldorf,51.2254018,6.7763137,2024-02-12,53,9.1,1.5,6.1,5.6,-1.6,3.2,2024-02-12T06:52,2024-02-12T16:41,35369.05,18622.26,2.2,2.2,0.0,9.0,15.6,33.1,255,4.96,0.64
Düsseldorf,51.2254018,6.7763137,2024-02-13,51,9.7,1.3,5.7,6.0,-1.9,2.2,2024-02-13T06:50,2024-02-13T16:43,35590.12,22391.56,0.4,0.4,0.0,3.0,18.1,34.2,203,6.17,0.98
Düsseldorf,51.2254018,6.7763137,2024-02-14,55,12.5,7.9,10.4,9.7,4.5,7.4,2024-02-14T06:48,2024-02-14T16:45,35812.24,0.0,3.5,3.5,0.0,9.0,21.7,39.6,214,2.15,0.64
Düsseldorf,51.2254018,6.7763137,2024-02-15,51,16.0,9.6,12.3,14.0,7.5,9.8,2024-02-15T06:46,2024-02-15T16:47,36035.21,12838.09,0.2,0.2,0.0,2.0,22.4,38.9,154,5.07,1.15
Düsseldorf,51.2254018,6.7763137,2024-02-16,53,15.5,8.9,11.6,13.3,7.2,9.2,2024-02-16T06:44,2024-02-16T16:48,36258.82,4787.43,2.4,2.4,0.0,10.0,23.2,41.0,202,3.17,0.82
Düsseldorf,51.2254018,6.7763137,2024-02-17,51,11.1,5.7,8.4,9.3,3.7,6.3,2024-02-17T06:42,2024-02-17T16:50,36482.88,9332.82,1.0,1.0,0.0,6.0,12.3,25.6,252,3.87,0.54
Düsseldorf,51.2254018,6.7763137,2024-02-18,55,10.0,6.5,8.3,5.9,2.9,4.7,2024-02-18T06:40,2024-02-18T16:52,36707.16,0.0,7.5,7.5,0.0,16.0,28.4,50.4,203,1.65,0.5
Düsseldorf,51.2254018,6.7763137,2024-02-19,51,11.0,6.7,8.5,7.5,3.6,5.2,2024-02-19T06:38,2024-02-19T16:54,36931.5,665.35,2.0,2.0,0.0,10.0,22.2,39.2,272,3.06,0.59
Düsseldorf,51.2254018,6.7763137,2024-02-20,51,11.2,3.7,7.7,7.2,1.2,4.3,2024-02-20T06:37,2024-02-20T16:56,37155.7,12932.83,0.3,0.3,0.0,1.0,21.1,39.2,242,5.78,1.01
Düsseldorf,51.2254018,6.7763137,2024-02-21,61,10.9,7.9,9.0,6.5,4.3,5.3,2024-02-21T06:35,2024-02-21T16:57,37379.57,1722.08,8.8,8.8,0.0,9.0,24.5,43.2,193,3.86,0.98
Stuttgart,48.7784485,9.1800132,2024-01-01,3,7.9,4.5,6.0,3.1,0.2,1.3,2024-01-01T07:16,2024-01-01T15:36,30045.6,20408.39,0.0,0.0,0.0,0.0,27.2,58.7,226,3.99,1.1
Stuttgart,48.7784485,9.1800132,2024-01-02,61,11.3,5.9,8.4,5.8,1.4,3.1,2024-01-02T07:16,2024-01-02T15:37,30107.69,0.0,13.4,13.4,0.0,19.0,33.2,65.9,223,0.4,0.92
Stuttgart,48.7784485,9.1800132,2024-01-03,61,10.6,7.9,9.5,5.9,3.4,4.6,2024-01-03T07:16,2024-01-03T15:38,30174.9,12278.2,5.8,5.8,0.0,7.0,30.7,68.0,235,2.57,1.19
Stuttgart,48.7784485,9.1800132,2024-01-04,55,9.2,3.8,7.0,4.6,0.8,3.1,2024-01-04T07:16,2024-01-04T15:39,30247.13,21600.0,3.3,3.3,0.0,11.0,25.6,51.8,239,3.86,0.75
Stuttgart,48.7784485,9.1800132,2024-01-05,51,10.1,3.5,6.2,7.7,0.4,3.5,2024-01-05T07:15,2024-01-05T15:41,30324.24,1619.58,0.2,0.2,0.0,2.0,10.8,21.6,223,2.73,0.57
Stuttgart,48.7784485,9.1800132,2024-01-06,51,5.7,2.4,4.5,2.9,-0.3,1.8,2024-01-06T07:15,2024-01-06T15:42,30406.08,0.0,1.0,1.0,0.0,5.0,9.2,20.9,307,1.25,0.27
Stuttgart,48.7784485,9.1800132,2024-01-07,73,3.9,-2.5,1.6,1.1,-7.6,-2.6,2024-01-07T07:15,2024-01-07T15:43,30492.54,0.0,3.0,1.5,1.05,22.0,17.1,35.3,18,1.61,0.43
Stuttgart,48.7784485,9.1800132,2024-01-08,3,-0.9,-4.4,-2.4,-6.4,-9.6,-7.7,2024-01-08T07:15,2024-01-08T15:44,30583.48,19807.63,0.0,0.0,0.0,0.0,17.4,36.0,52,3.72,0.78
Stuttgart,48.7784485,9.1800132,2024-01-09,2,0.5,-5.4,-3.6,-5.2,-10.0,-8.5,2024-01-09T07:14,2024-01-09T15:45,30678.75,25588.95,0.0,0.0,0.0,0.0,15.2,33.5,70,5.72,0.89
Stuttgart,48.7784485,9.1800132,2024-01-10,3,1.5,-6.1,-3.2,-2.1,-10.3,-7.1,2024-01-10T07:14,2024-01-10T15:46,30778.25,25424.98,0.0,0.0,0.0,0.0,7.3,13.7,69,5.6,0.54
Stuttgart,48.7784485,9.1800132,2024-01-11,0,1.8,-6.6,-3.6,-2.0,-10.3,-7.2,2024-01-11T07:13,2024-01-11T15:48,30881.82,25775.29,0.0,0.0,0.0,0.0,7.9,17.3,346,5.87,0.5
Stuttgart,48.7784485,9.1800132,2024-01-12,3,-0.2,-6.9,-3.6,-3.5,-10.9,-6.9,2024-01-12T07:13,2024-01-12T15:49,30989.33,24686.98,0.0,0.0,0.0,0.0,6.9,18.4,23,4.52,0.35
Stuttgart,48.7784485,9.1800132,2024-01-13,3,-1.0,-5.1,-3.3,-4.5,-8.4,-6.8,2024-01-13T07:12,2024-01-13T15:50,31100.9,11085.4,0.0,0.0,0.0,0.0,8.3,19.4,238,3.31,0.3
Stuttgart,48.7784485,9.1800132,2024-01-14,3,1.4,-6.3,-3.5,-1.7,-9.6,-7.0,2024-01-14T07:12,2024-01-14T15:52,31217.75,24557.04,0.0,0.0,0.0,0.0,13.5,25.9,280,5.79,0.48
Stuttgart,48.7784485,9.1800132,2024-01-15,73,1.4,-2.6,-0.8,-3.4,-7.4,-6.0,2024-01-15T07:11,2024-01-15T15:53,31339.84,7200.0,1.2,0.0,0.84,4.0,20.9,42.8,252,2.11,0.61
Stuttgart,48.7784485,9.1800132,2024-01-16,3,2.2,-6.3,-2.2,-1.4,-10.1,-6.1,2024-01-16T07:10,2024-01-16T15:54,31466.94,19576.09,0.0,0.0,0.0,0.0,14.5,29.9,221,5.28,0.56
Stuttgart,48.7784485,9.1800132,2024-01-17,71,9.8,-6.0,3.3,5.4,-9.7,-0.4,2024-01-17T07:09,2024-01-17T15:56,31598.76,0.0,12.0,11.6,0.28,17.0,24.2,48.6,204,1.27,0.36
Stuttgart,48.7784485,9.1800132,2024-01-18,73,8.3,-2.1,2.5,5.2,-6.0,-1.4,2024-01-18T07:09,2024-01-18T15:57,31735.06,0.0,6.7,5.1,1.12,16.0,21.7,41.8,295,0.6,0.17
Stuttgart,48.7784485,9.1800132,2024-01-19,3,1.5,-5.3,-2.3,-2.5,-8.8,-5.9,2024-01-19T07:08,2024-01-19T15:59,31875.58,19520.03,0.0,0.0,0.0,0.0,11.4,25.6,309,4.47,0.46
Stuttgart,48.7784485,9.1800132,2024-01-20,3,2.1,-7.8,-3.8,-1.5,-11.5,-7.5,2024-01-20T07:07,2024-01-20T16:00,32020.07,26698.22,0.0,0.0,0.0,0.0,8.7,14.8,161,6.72,0.58
Stuttgart,48.7784485,9.1800132,2024-01-21,3,8.5,-7.9,0.1,3.8,-11.8,-4.5,2024-01-21T07:06,2024-01-21T16:02,32168.29,23061.96,0.0,0.0,0.0,0.0,15.4,29.5,203,5.34,1.12
Stuttgart,48.7784485,9.1800132,2024-01-22,61,12.0,1.8,7.1,6.8,-2.5,2.4,2024-01-22T07:05,2024-01-22T16:03,32319.99,0.0,7.4,7.4,0.0,10.0,28.8,58.3,227,1.44,1.14
Stuttgart,48.7784485,9.1800132,2024-01-23,55,8.7,5.2,6.5,3.8,0.4,2.0,2024-01-23T07:04,2024-01-23T16:05,32474.93,16724.85,2.1,2.1,0.0,7.0,26.0,52.6,242,4.44,0.99
Stuttgart,48.7784485,9.1800132,2024-01-24,53,12.6,5.9,10.2,9.2,3.1,6.0,2024-01-24T07:03,2024-01-24T16:06,32632.88,6051.63,2.3,2.3,0.0,5.0,29.6,60.1,247,2.73,1.2
Stuttgart,48.7784485,9.1800132,2024-01-25,51,10.7,6.2,7.9,8.0,3.2,5.3,2024-01-25T07:02,2024-01-25T16:08,32793.62,24063.27,0.5,0.5,0.0,4.0,17.8,34.9,275,4.61,0.67
Stuttgart,48.7784485,9.1800132,2024-01-26,53,11.3,3.1,8.2,8.0,-0.0,5.2,2024-01-26T07:01,2024-01-26T16:10,32956.92,5311.64,3.9,3.9,0.0,11.0,23.5,47.2,251,1.93,0.49
Stuttgart,48.7784485,9.1800132,2024-01-27,2,6.8,-2.7,1.1,4.2,-6.3,-2.0,2024-01-27T06:59,2024-01-27T16:11,33122.56,28875.75,0.0,0.0,0.0,0.0,9.7,17.3,170,7.5,0.73
Stuttgart,48.7784485,9.1800132,2024-01-28,1,10.7,-3.3,0.5,7.8,-7.2,-2.9,2024-01-28T06:58,2024-01-28T16:13,33290.32,29062.55,0.0,0.0,0.0,0.0,11.4,16.2,170,7.57,0.84
Stuttgart,48.7784485,9.1800132,2024-01-29,3,11.4,-3.3,3.0,8.9,-7.2,-0.5,2024-01-29T06:57,2024-01-29T16:14,33460.0,29021.82,0.0,0.0,0.0,0.0,12.0,22.0,191,7.26,0.99
Stuttgart,48.7784485,9.1800132,2024-01-30,3,11.1,-0.8,4.7,8.7,-4.6,1.6,2024-01-30T06:56,2024-01-30T16:16,33631.39,19217.2,0.0,0.0,0.0,0.0,11.3,20.2,213,5.23,0.77
Stuttgart,48.7784485,9.1800132,2024-01-31,3,9.6,0.0,5.1,7.6,-2.9,2.7,2024-01-31T06:55,2024-01-31T16:18,33804.3,19497.78,0.0,0.0,0.0,0.0,12.8,24.8,203,4.24,0.54
Stuttgart,48.7784485,9.1800132,2024-02-01,61,9.4,3.7,7.3,6.5,1.2,4.7,2024-02-01T06:53,2024-02-01T16:19,33978.52,7699.3,6.9,6.9,0.0,12.0,16.1,33.5,265,1.91,0.39
Stuttgart,48.7784485,9.1800132,2024-02-02,51,10.9,1.3,5.7,7.6,-1.5,2.7,2024-02-02T06:52,2024-02-02T16:21,34154.2,20812.21,0.2,0.2,0.0,2.0,15.6,34.2,234,6.21,0.94
Stuttgart,48.7784485,9.1800132,2024-02-03,3,10.5,4.5,7.4,7.1,1.5,4.5,2024-02-03T06:50,2024-02-03T16:22,34333.08,9090.04,0.0,0.0,0.0,0.0,16.6,34.2,260,3.4,0.72
Stuttgart,48.7784485,9.1800132,2024-02-04,53,10.1,7.2,8.7,6.4,4.1,5.0,2024-02-04T06:49,2024-02-04T16:24,34515.25,0.0,1.5,1.5,0.0,5.0,21.4,44.6,246,2.38,0.86
Stuttgart,48.7784485,9.1800132,2024-02-05,3,11.9,2.1,7.6,9.2,-1.3,4.4,2024-02-05T06:48,2024-02-05T16:26,34700.45,26254.59,0.0,0.0,0.0,0.0,19.2,38.2,242,7.72,1.16
Stuttgart,48.7784485,9.1800132,2024-02-06,3,9.3,0.4,5.7,5.1,-2.8,2.0,2024-02-06T06:46,2024-02-06T16:27,34888.43,18264.34,0.0,0.0,0.0,0.0,20.0,42.5,231,5.41,1.06
Stuttgart,48.7784485,9.1800132,2024-02-07,61,10.1,6.2,8.7,5.4,1.6,4.1,2024-02-07T06:45,2024-02-07T16:29,35078.97,0.0,7.2,7.2,0.0,13.0,26.6,59.8,230,1.88,1.03
Stuttgart,48.7784485,9.1800132,2024-02-08,61,11.9,8.8,10.4,8.7,4.7,6.8,2024-02-08T06:43,2024-02-08T16:31,35271.83,0.0,6.6,6.6,0.0,15.0,26.2,52.2,226,2.16,0.89
Stuttgart,48.7784485,9.1800132,2024-02-09,55,15.0,8.4,11.0,12.0,7.1,8.8,2024-02-09T06:41,2024-02-09T16:32,35466.79,7786.52,8.1,8.1,0.0,17.0,19.3,39.2,195,4.82,1.05
Stuttgart,48.7784485,9.1800132,2024-02-10,53,11.9,5.7,8.4,10.9,3.9,6.9,2024-02-10T06:40,2024-02-10T16:34,35663.62,7200.0,1.1,1.1,0.0,4.0,9.5,21.2,129,4.55,0.63
Stuttgart,48.7784485,9.1800132,2024-02-11,63,10.0,5.7,7.6,6.7,1.9,4.2,2024-02-11T06:38,2024-02-11T16:36,35862.11,16026.25,11.4,11.4,0.0,10.0,21.4,43.6,235,5.21,0.94
Stuttgart,48.7784485,9.1800132,2024-02-12,51,9.4,3.8,7.0,6.4,0.7,3.8,2024-02-12T06:37,2024-02-12T16:37,36062.05,14192.12,0.5,0.5,0.0,4.0,17.1,33.5,255,4.98,0.93
Stuttgart,48.7784485,9.1800132,2024-02-13,53,11.0,1.9,5.2,7.7,-0.9,2.4,2024-02-13T06:35,2024-02-13T16:39,36263.23,24191.64,1.1,1.1,0.0,3.0,10.1,23.0,239,6.59,0.95
Stuttgart,48.7784485,9.1800132,2024-02-14,51,13.6,1.2,8.5,10.8,-2.2,5.5,2024-02-14T06:33,2024-02-14T16:41,36465.46,9828.28,0.3,0.3,0.0,2.0,18.4,38.9,224,4.18,1.0
Stuttgart,48.7784485,9.1800132,2024-02-15,3,16.2,5.4,9.7,15.2,3.0,8.0,2024-02-15T06:31,2024-02-15T16:42,36668.55,28631.41,0.0,0.0,0.0,0.0,9.2,17.3,187,8.6,1.2
Stuttgart,48.7784485,9.1800132,2024-02-16,53,17.7,6.5,10.9,16.9,3.8,9.3,2024-02-16T06:30,2024-02-16T16:44,36872.29,25055.06,1.3,1.3,0.0,3.0,13.4,24.5,225,8.73,1.39
Stuttgart,48.7784485,9.1800132,2024-02-17,55,13.1,4.6,9.8,10.7,2.7,7.9,2024-02-17T06:28,2024-02-17T16:46,37076.5,32367.75,3.4,3.4,0.0,8.0,12.7,27.4,313,8.31,1.14
Stuttgart,48.7784485,9.1800132,2024-02-18,53,13.2,2.6,7.5,11.2,-0.4,5.2,2024-02-18T06:26,2024-02-18T16:47,37281.02,19581.15,2.9,2.9,0.0,6.0,14.9,29.5,222,7.17,1.04
Stuttgart,48.7784485,9.1800132,2024-02-19,63,11.1,7.6,9.1,7.6,4.3,5.8,2024-02-19T06:24,2024-02-19T16:49,37485.64,25732.05,9.2,9.2,0.0,15.0,19.9,41.4,271,6.32,1.11
Stuttgart,48.7784485,9.1800132,2024-02-20,55,10.1,4.0,6.9,6.4,0.9,3.8,2024-02-20T06:23,2024-02-20T16:50,37690.2,29434.06,2.5,2.5,0.0,7.0,16.5,32.4,284,6.88,1.02
Stuttgart,48.7784485,9.1800132,2024-02-21,51,12.9,3.8,8.4,10.1,0.3,5.2,2024-02-21T06:21,2024-02-21T16:52,37894.52,23018.77,0.5,0.5,0.0,4.0,15.1,29.9,211,8.02,1.54
Frankfurt,50.1106444,8.6820917,2024-01-01,51,7.8,5.9,6.7,3.1,0.8,1.9,2024-01-01T07:24,2024-01-01T15:32,29336.42,16705.89,0.6,0.6,0.0,5.0,30.5,58.7,223,3.18,0.84
Frankfurt,50.1106444,8.6820917,2024-01-02,61,9.8,6.2,8.3,4.6,1.6,3.3,2024-01-02T07:24,2024-01-02T15:33,29402.41,0.0,20.5,20.5,0.0,21.0,33.4,62.3,213,0.55,0.56
Frankfurt,50.1106444,8.6820917,2024-01-03,61,11.1,7.7,9.1,6.6,3.3,4.5,2024-01-03T07:23,2024-01-03T15:34,29473.84,18124.19,9.8,9.8,0.0,18.0,31.5,62.6,230,3.1,0.78
Frankfurt,50.1106444,8.6820917,2024-01-04,51,8.8,3.7,7.1,4.6,1.1,3.2,2024-01-04T07:23,2024-01-04T15:36,29550.6,16097.33,0.9,0.9,0.0,5.0,27.4,51.5,241,2.57,0.66
Frankfurt,50.1106444,8.6820917,2024-01-05,51,9.4,2.3,6.1,5.3,-0.7,2.7,2024-01-05T07:23,2024-01-05T15:37,29632.51,20380.15,0.1,0.1,0.0,1.0,20.1,40.3,213,3.29,0.56
Frankfurt,50.1106444,8.6820917,2024-01-06,51,7.1,2.2,4.5,5.3,-0.9,1.8,2024-01-06T07:23,2024-01-06T15:38,29719.45,2891.82,0.7,0.7,0.0,6.0,12.6,22.7,268,1.66,0.27
Frankfurt,50.1106444,8.6820917,2024-01-07,3,4.2,-1.8,1.1,0.6,-7.9,-4.0,2024-01-07T07:23,2024-01-07T15:39,29811.27,5848.13,0.0,0.0,0.0,0.0,23.1,45.0,27,2.64,0.64
Frankfurt,50.1106444,8.6820917,2024-01-08,3,-0.7,-5.6,-3.2,-6.6,-12.1,-9.2,2024-01-08T07:22,2024-01-08T15:40,29907.82,25038.55,0.0,0.0,0.0,0.0,22.2,41.8,35,4.83,0.95
Frankfurt,50.1106444,8.6820917,2024-01-09,0,0.6,-6.1,-3.9,-5.4,-11.9,-9.8,2024-01-09T07:22,2024-01-09T15:42,30008.97,25141.95,0.0,0.0,0.0,0.0,18.9,38.5,33,5.31,1.2
Frankfurt,50.1106444,8.6820917,2024-01-10,3,0.3,-5.6,-3.4,-4.6,-11.2,-8.3,2024-01-10T07:21,2024-01-10T15:43,30114.57,19369.89,0.0,0.0,0.0,0.0,14.1,26.3,37,3.71,0.78
Frankfurt,50.1106444,8.6820917,2024-01-11,3,2.3,-5.9,-2.5,-1.7,-10.7,-7.0,2024-01-11T07:21,2024-01-11T15:44,30224.46,25265.92,0.0,0.0,0.0,0.0,13.8,25.6,30,5.29,0.64
Frankfurt,50.1106444,8.6820917,2024-01-12,3,1.0,-1.2,-0.3,-1.9,-4.9,-3.7,2024-01-12T07:20,2024-01-12T15:46,30338.52,0.0,0.0,0.0,0.0,0.0,12.3,23.4,346,1.59,0.23
Frankfurt,50.1106444,8.6820917,2024-01-13,3,2.2,-1.4,-0.0,-2.9,-5.3,-4.5,2024-01-13T07:20,2024-01-13T15:47,30456.84,2436.02,0.0,0.0,0.0,0.0,18.0,36.7,226,1.94,0.45
Frankfurt,50.1106444,8.6820917,2024-01-14,3,0.5,-2.2,-0.9,-4.3,-7.4,-6.1,2024-01-14T07:19,2024-01-14T15:48,30580.73,5818.49,0.0,0.0,0.0,0.0,19.6,37.4,227,2.22,0.51
Frankfurt,50.1106444,8.6820917,2024-01-15,73,3.0,-1.2,0.3,-3.0,-6.9,-5.2,2024-01-15T07:18,2024-01-15T15:50,30710.16,13839.58,2.1,0.0,1.47,8.0,26.5,52.6,249,3.55,0.76
Frankfurt,50.1106444,8.6820917,2024-01-16,3,1.7,-5.3,-1.6,-2.7,-9.5,-6.1,2024-01-16T07:17,2024-01-16T15:51,30844.85,11616.0,0.0,0.0,0.0,0.0,15.1,28.4,216,3.62,0.46
Frankfurt,50.1106444,8.6820917,2024-01-17,75,1.3,-6.0,-2.2,-1.3,-10.0,-5.5,2024-01-17T07:17,2024-01-17T15:53,30984.51,0.0,17.2,13.0,2.94,16.0,7.6,14.8,27,0.63,0.17
Frankfurt,50.1106444,8.6820917,2024-01-18,73,1.4,-4.9,-0.9,-1.4,-9.0,-5.2,2024-01-18T07:16,2024-01-18T15:54,31128.88,5076.0,5.8,0.3,3.85,12.0,19.5,37.4,360,2.19,0.3
Frankfurt,50.1106444,8.6820917,2024-01-19,3,1.3,-7.6,-3.1,-2.7,-12.0,-7.0,2024-01-19T07:15,2024-01-19T15:56,31277.69,13700.88,0.0,0.0,0.0,0.0,12.0,24.5,232,3.53,0.34
Frankfurt,50.1106444,8.6820917,2024-01-20,3,-1.7,-7.3,-5.2,-5.7,-11.5,-9.2,2024-01-20T07:14,2024-01-20T15:57,31430.64,17801.38,0.0,0.0,0.0,0.0,11.0,20.9,228,4.32,0.3
Frankfurt,50.1106444,8.6820917,2024-01-21,3,3.9,-7.7,-1.6,-1.5,-11.8,-6.3,2024-01-21T07:13,2024-01-21T15:59,31587.5,14425.29,0.0,0.0,0.0,0.0,22.2,40.0,214,3.97,0.62
Frankfurt,50.1106444,8.6820917,2024-01-22,61,7.8,3.4,5.4,3.3,-2.2,0.4,2024-01-22T07:12,2024-01-22T16:01,31748.01,0.0,6.0,6.0,0.0,10.0,32.2,68.0,218,0.71,0.6
Frankfurt,50.1106444,8.6820917,2024-01-23,53,7.8,4.3,6.1,3.3,0.1,1.4,2024-01-23T07:11,2024-01-23T16:02,31911.89,14591.29,4.2,4.2,0.0,7.0,26.6,50.8,236,3.71,0.73
Frankfurt,50.1106444,8.6820917,2024-01-24,55,12.5,5.5,9.5,7.3,1.7,5.1,2024-01-24T07:09,2024-01-24T16:04,32078.92,26234.88,1.7,1.7,0.0,5.0,32.3,66.6,242,5.1,1.13
Frankfurt,50.1106444,8.6820917,2024-01-25,51,9.4,3.4,6.2,6.4,0.1,3.2,2024-01-25T07:08,2024-01-25T16:06,32248.84,12139.79,0.6,0.6,0.0,2.0,16.0,29.2,235,4.07,0.54
Frankfurt,50.1106444,8.6820917,2024-01-26,53,11.7,2.2,7.3,8.2,-1.3,4.1,2024-01-26T07:07,2024-01-26T16:07,32421.41,5474.85,2.5,2.5,0.0,8.0,25.9,49.7,237,1.64,0.37
Frankfurt,50.1106444,8.6820917,2024-01-27,2,6.5,-1.9,1.6,3.5,-5.4,-1.5,2024-01-27T07:06,2024-01-27T16:09,32596.42,27963.86,0.0,0.0,0.0,0.0,9.4,17.6,239,6.76,0.61
Frankfurt,50.1106444,8.6820917,2024-01-28,1,7.9,-1.7,1.1,5.5,-5.2,-2.5,2024-01-28T07:05,2024-01-28T16:11,32773.61,28312.3,0.0,0.0,0.0,0.0,12.0,15.5,65,6.89,0.72
Frankfurt,50.1106444,8.6820917,2024-01-29,3,7.5,-2.3,1.8,4.9,-5.9,-1.5,2024-01-29T07:03,2024-01-29T16:12,32952.79,22595.86,0.0,0.0,0.0,0.0,9.8,17.6,232,5.45,0.61
Frankfurt,50.1106444,8.6820917,2024-01-30,51,6.4,-1.6,2.2,3.2,-5.5,-1.1,2024-01-30T07:02,2024-01-30T16:14,33133.72,14315.09,0.2,0.2,0.0,2.0,11.0,20.2,233,4.29,0.5
Frankfurt,50.1106444,8.6820917,2024-01-31,51,8.1,1.5,4.5,5.0,-0.9,1.9,2024-01-31T07:01,2024-01-31T16:16,33316.21,24777.0,0.1,0.1,0.0,1.0,13.2,27.0,241,5.37,0.61
Frankfurt,50.1106444,8.6820917,2024-02-01,55,9.9,-1.1,5.0,6.5,-4.5,1.6,2024-02-01T06:59,2024-02-01T16:17,33500.04,20544.65,2.7,2.7,0.0,4.0,16.4,31.3,256,5.72,0.8
Frankfurt,50.1106444,8.6820917,2024-02-02,3,9.2,0.0,4.9,4.4,-3.2,0.9,2024-02-02T06:58,2024-02-02T16:19,33685.36,27855.46,0.0,0.0,0.0,0.0,21.9,42.5,229,6.72,0.96
Frankfurt,50.1106444,8.6820917,2024-02-03,51,10.3,6.7,8.3,6.5,2.6,4.5,2024-02-03T06:56,2024-02-03T16:21,33874.01,0.0,0.1,0.1,0.0,1.0,22.2,43.9,232,1.92,0.69
Frankfurt,50.1106444,8.6820917,2024-02-04,51,10.2,8.6,9.3,6.1,4.5,5.1,2024-02-04T06:55,2024-02-04T16:22,34066.07,0.0,1.2,1.2,0.0,8.0,26.6,49.3,236,1.41,0.7
Frankfurt,50.1106444,8.6820917,2024-02-05,3,11.3,6.3,8.7,6.1,1.8,4.1,2024-02-05T06:53,2024-02-05T16:24,34261.28,29112.33,0.0,0.0,0.0,0.0,29.3,56.2,235,7.38,1.31
Frankfurt,50.1106444,8.6820917,2024-02-06,51,8.8,6.4,7.7,4.3,1.2,2.7,2024-02-06T06:52,2024-02-06T16:26,34459.38,0.0,0.4,0.4,0.0,4.0,27.3,59.4,224,1.55,0.99
Frankfurt,50.1106444,8.6820917,2024-02-07,61,9.6,3.8,7.0,8.0,0.4,3.0,2024-02-07T06:50,2024-02-07T16:28,34660.13,0.0,19.6,19.6,0.0,21.0,31.6,61.6,228,1.08,0.5
Frankfurt,50.1106444,8.6820917,2024-02-08,61,11.0,3.9,6.9,7.8,0.9,4.3,2024-02-08T06:48,2024-02-08T16:29,34863.27,0.0,11.2,11.2,0.0,23.0,22.5,41.8,218,0.91,0.27
Frankfurt,50.1106444,8.6820917,2024-02-09,53,13.5,9.5,10.9,10.6,6.4,8.1,2024-02-09T06:47,2024-02-09T16:31,35068.57,12083.63,5.8,5.8,0.0,14.0,21.3,39.6,207,4.75,0.84
Frankfurt,50.1106444,8.6820917,2024-02-10,55,13.4,7.1,10.1,11.5,5.5,8.6,2024-02-10T06:45,2024-02-10T16:33,35275.8,13368.24,2.0,2.0,0.0,4.0,14.3,32.0,63,5.12,0.74
Frankfurt,50.1106444,8.6820917,2024-02-11,53,10.5,5.4,8.1,7.1,2.3,5.0,2024-02-11T06:43,2024-02-11T16:35,35484.72,14324.26,3.1,3.1,0.0,8.0,20.8,39.2,229,4.72,0.8
Frankfurt,50.1106444,8.6820917,2024-02-12,51,10.2,2.0,6.7,7.5,-0.8,4.0,2024-02-12T06:42,2024-02-12T16:36,35695.12,26140.54,1.3,1.3,0.0,10.0,14.0,29.5,245,6.61,0.85
Frankfurt,50.1106444,8.6820917,2024-02-13,3,9.2,0.1,4.6,5.5,-2.9,1.2,2024-02-13T06:40,2024-02-13T16:38,35906.8,27231.65,0.0,0.0,0.0,0.0,18.5,36.7,232,6.97,0.96
Frankfurt,50.1106444,8.6820917,2024-02-14,53,10.9,4.8,8.5,8.0,1.2,5.3,2024-02-14T06:38,2024-02-14T16:40,36119.53,409.75,2.9,2.9,0.0,10.0,20.9,41.0,216,2.94,0.7
Frankfurt,50.1106444,8.6820917,2024-02-15,51,14.3,7.2,10.3,14.4,5.2,8.8,2024-02-15T06:36,2024-02-15T16:42,36333.11,16754.74,0.1,0.1,0.0,1.0,13.0,24.5,206,5.99,0.79
Frankfurt,50.1106444,8.6820917,2024-02-16,53,16.0,6.8,11.3,13.4,4.3,9.3,2024-02-16T06:34,2024-02-16T16:43,36547.34,22750.41,2.4,2.4,0.0,6.0,18.1,36.0,226,6.63,1.08
Frankfurt,50.1106444,8.6820917,2024-02-17,51,13.9,6.1,9.5,12.4,4.0,7.9,2024-02-17T06:32,2024-02-17T16:45,36762.04,30078.88,0.2,0.2,0.0,2.0,9.0,18.7,284,7.65,1.07
Frankfurt,50.1106444,8.6820917,2024-02-18,61,10.3,4.3,7.5,7.3,1.7,4.6,2024-02-18T06:31,2024-02-18T16:47,36976.99,4173.55,3.2,3.2,0.0,6.0,21.1,39.2,220,4.25,0.69
Frankfurt,50.1106444,8.6820917,2024-02-19,53,12.2,6.6,9.1,8.9,4.0,6.2,2024-02-19T06:29,2024-02-19T16:48,37192.04,11596.94,1.0,1.0,0.0,3.0,17.9,38.5,258,5.2,1.01
Frankfurt,50.1106444,8.6820917,2024-02-20,51,10.8,4.7,7.4,7.3,2.3,4.4,2024-02-20T06:27,2024-02-20T16:50,37406.97,20331.16,0.1,0.1,0.0,1.0,16.2,32.0,247,5.91,0.98
Frankfurt,50.1106444,8.6820917,2024-02-21,61,10.5,5.4,8.1,6.8,2.1,4.2,2024-02-21T06:25,2024-02-21T16:52,37621.63,5802.59,3.3,3.3,0.0,5.0,22.8,43.2,214,5.15,1.11
Berlin,52.5170365,13.3888599,2024-01-01,53,7.3,3.4,5.1,4.0,-0.7,1.3,2024-01-01T07:17,2024-01-01T15:02,27889.87,17859.23,1.9,1.9,0.0,7.0,19.7,36.0,220,2.29,0.41
Berlin,52.5170365,13.3888599,2024-01-02,73,7.9,2.4,4.7,4.1,-1.3,1.0,2024-01-02T07:17,2024-01-02T15:03,27964.2,0.0,10.2,9.8,0.28,15.0,20.2,35.6,164,0.59,0.17
Berlin,52.5170365,13.3888599,2024-01-03,63,10.5,6.9,8.7,6.2,3.1,4.3,2024-01-03T07:16,2024-01-03T15:04,28044.64,3789.2,9.3,9.3,0.0,13.0,27.8,47.9,229,1.7,0.79
Berlin,52.5170365,13.3888599,2024-01-04,51,7.2,-2.3,3.4,3.4,-6.0,-1.1,2024-01-04T07:16,2024-01-04T15:05,28131.02,0.0,2.6,2.6,0.0,14.0,33.1,61.9,272,1.0,0.3
Berlin,52.5170365,13.3888599,2024-01-05,73,0.9,-0.5,0.4,-3.0,-5.2,-4.0,2024-01-05T07:16,2024-01-05T15:06,28223.18,0.0,5.4,1.4,2.8,14.0,21.3,36.7,95,0.45,0.15
Berlin,52.5170365,13.3888599,2024-01-06,71,0.9,-1.9,-0.6,-3.4,-7.2,-5.5,2024-01-06T07:15,2024-01-06T15:08,28320.94,0.0,1.3,0.0,0.98,10.0,18.4,32.4,66,0.71,0.27
Berlin,52.5170365,13.3888599,2024-01-07,73,-0.4,-7.8,-3.3,-5.2,-13.3,-8.6,2024-01-07T07:15,2024-01-07T15:09,28424.14,5344.28,0.5,0.0,0.35,2.0,22.6,38.9,38,1.39,0.52
Berlin,52.5170365,13.3888599,2024-01-08,3,-3.9,-9.2,-7.0,-9.6,-15.3,-12.6,2024-01-08T07:15,2024-01-08T15:10,28532.62,23225.03,0.0,0.0,0.0,0.0,21.9,38.5,51,4.13,0.54
Berlin,52.5170365,13.3888599,2024-01-09,0,-4.1,-10.6,-7.9,-8.6,-14.8,-12.4,2024-01-09T07:14,2024-01-09T15:12,28646.2,23340.53,0.0,0.0,0.0,0.0,8.7,16.2,72,4.2,0.38
Berlin,52.5170365,13.3888599,2024-01-10,1,-1.9,-8.9,-6.6,-6.4,-13.5,-11.1,2024-01-10T07:13,2024-01-10T15:13,28764.7,23453.27,0.0,0.0,0.0,0.0,9.3,19.1,68,4.22,0.41
Berlin,52.5170365,13.3888599,2024-01-11,3,-0.3,-7.0,-2.5,-3.9,-11.1,-6.8,2024-01-11T07:13,2024-01-11T15:15,28887.98,0.0,0.0,0.0,0.0,0.0,17.7,31.7,290,1.36,0.17
Berlin,52.5170365,13.3888599,2024-01-12,3,0.5,-1.7,-0.6,-4.0,-5.9,-4.9,2024-01-12T07:12,2024-01-12T15:16,29015.85,0.0,0.0,0.0,0.0,0.0,17.4,31.0,268,1.36,0.16
Berlin,52.5170365,13.3888599,2024-01-13,53,2.1,0.5,1.6,-2.9,-4.5,-3.8,2024-01-13T07:11,2024-01-13T15:17,29148.43,0.0,2.8,2.8,0.0,17.0,28.9,50.4,259,0.68,0.17
Berlin,52.5170365,13.3888599,2024-01-14,73,2.8,0.9,1.6,-2.6,-5.0,-3.8,2024-01-14T07:11,2024-01-14T15:19,29287.17,0.0,3.9,2.8,0.77,15.0,25.8,47.2,259,1.4,0.2
Berlin,52.5170365,13.3888599,2024-01-15,73,2.2,-4.3,0.5,-4.0,-8.3,-5.4,2024-01-15T07:10,2024-01-15T15:20,29432.02,13422.91,0.9,0.3,0.42,7.0,35.3,64.4,265,2.74,0.48
Berlin,52.5170365,13.3888599,2024-01-16,73,1.0,-3.7,-1.1,-4.6,-8.1,-5.6,2024-01-16T07:09,2024-01-16T15:22,29582.68,7794.81,3.1,0.0,2.17,10.0,22.4,39.6,252,2.3,0.34
Berlin,52.5170365,13.3888599,2024-01-17,73,-0.2,-4.6,-2.6,-4.7,-9.8,-6.9,2024-01-17T07:08,2024-01-17T15:24,29738.81,12968.04,2.4,0.0,1.68,7.0,15.6,25.9,168,3.29,0.34
Berlin,52.5170365,13.3888599,2024-01-18,3,0.4,-5.2,-2.9,-3.4,-9.9,-7.0,2024-01-18T07:07,2024-01-18T15:25,29900.1,13052.84,0.0,0.0,0.0,0.0,13.2,22.3,291,3.57,0.29
Berlin,52.5170365,13.3888599,2024-01-19,3,1.8,-5.0,-1.2,-4.2,-9.9,-7.0,2024-01-19T07:06,2024-01-19T15:27,30066.22,24847.46,0.0,0.0,0.0,0.0,24.5,47.5,251,4.59,0.61
Berlin,52.5170365,13.3888599,2024-01-20,3,3.0,-3.3,0.4,-2.6,-7.8,-5.2,2024-01-20T07:05,2024-01-20T15:29,30236.89,18846.26,0.0,0.0,0.0,0.0,26.6,51.8,251,3.91,0.61
Berlin,52.5170365,13.3888599,2024-01-21,3,3.0,-4.9,-0.8,-3.7,-9.7,-6.5,2024-01-21T07:03,2024-01-21T15:31,30411.8,2035.18,0.0,0.0,0.0,0.0,28.2,47.2,193,2.86,1.0
Berlin,52.5170365,13.3888599,2024-01-22,55,8.8,1.7,5.7,3.0,-3.7,0.0,2024-01-22T07:02,2024-01-22T15:32,30590.65,1224.88,3.1,3.1,0.0,9.0,33.7,58.0,221,1.79,0.8
Berlin,52.5170365,13.3888599,2024-01-23,51,7.5,2.4,4.5,2.6,-2.4,-0.7,2024-01-23T07:01,2024-01-23T15:34,30773.16,15802.54,0.5,0.5,0.0,2.0,30.7,53.3,245,3.2,0.62
Berlin,52.5170365,13.3888599,2024-01-24,61,10.3,4.8,8.1,4.4,-0.7,1.8,2024-01-24T07:00,2024-01-24T15:36,30959.05,23580.12,5.5,5.5,0.0,11.0,42.2,76.7,256,3.62,1.11
Berlin,52.5170365,13.3888599,2024-01-25,51,8.3,4.3,6.4,2.6,-0.9,0.9,2024-01-25T06:58,2024-01-25T15:38,31148.04,26011.02,0.2,0.2,0.0,2.0,35.3,66.6,284,4.06,1.06
Berlin,52.5170365,13.3888599,2024-01-26,61,9.0,2.1,5.1,4.6,-2.3,0.5,2024-01-26T06:57,2024-01-26T15:40,31339.86,385.03,3.5,3.5,0.0,5.0,34.1,62.3,249,1.55,0.53
Berlin,52.5170365,13.3888599,2024-01-27,3,6.7,1.1,4.0,2.5,-3.0,-0.8,2024-01-27T06:56,2024-01-27T15:41,31534.26,7207.62,0.0,0.0,0.0,0.0,28.7,50.0,280,2.55,0.6
Berlin,52.5170365,13.3888599,2024-01-28,3,6.3,-2.3,1.4,2.7,-6.0,-2.3,2024-01-28T06:54,2024-01-28T15:43,31730.98,26765.0,0.0,0.0,0.0,0.0,14.0,24.1,163,5.75,0.54
Berlin,52.5170365,13.3888599,2024-01-29,2,8.2,-0.2,3.0,4.6,-4.8,-1.1,2024-01-29T06:53,2024-01-29T15:45,31929.77,26827.39,0.0,0.0,0.0,0.0,15.0,25.9,178,5.61,0.86
Berlin,52.5170365,13.3888599,2024-01-30,51,8.2,0.8,4.5,4.6,-2.9,0.9,2024-01-30T06:51,2024-01-30T15:47,32130.39,22168.25,0.1,0.1,0.0,1.0,16.3,26.6,206,4.55,0.6
Berlin,52.5170365,13.3888599,2024-01-31,3,7.5,1.5,4.9,3.2,-2.8,0.6,2024-01-31T06:50,2024-01-31T15:49,32332.62,0.0,0.0,0.0,0.0,0.0,21.8,37.1,249,1.99,0.57
Berlin,52.5170365,13.3888599,2024-02-01,53,7.7,2.6,5.8,2.7,-2.6,0.6,2024-02-01T06:48,2024-02-01T15:51,32536.21,25200.0,2.1,2.1,0.0,7.0,29.2,57.6,270,5.34,1.08
Berlin,52.5170365,13.3888599,2024-02-02,51,8.0,3.8,5.8,3.1,-0.9,0.9,2024-02-02T06:47,2024-02-02T15:52,32741.34,0.0,1.3,1.3,0.0,8.0,29.6,51.1,257,1.19,0.64
Berlin,52.5170365,13.3888599,2024-02-03,51,10.3,6.7,8.9,5.7,2.4,4.4,2024-02-03T06:45,2024-02-03T15:54,32950.04,2679.88,2.7,2.7,0.0,15.0,34.0,59.4,267,1.96,0.57
Berlin,52.5170365,13.3888599,2024-02-04,55,8.4,5.2,6.9,3.4,0.6,1.7,2024-02-04T06:43,2024-02-04T15:56,33162.39,13369.18,1.7,1.7,0.0,6.0,31.0,60.5,268,3.68,0.97
Berlin,52.5170365,13.3888599,2024-02-05,61,9.6,7.6,8.9,5.2,2.9,3.9,2024-02-05T06:42,2024-02-05T15:58,33378.11,0.0,11.3,11.3,0.0,16.0,32.0,59.8,265,0.73,0.63
Berlin,52.5170365,13.3888599,2024-02-06,51,10.3,8.0,9.2,4.9,2.1,3.5,2024-02-06T06:40,2024-02-06T16:00,33596.91,0.0,1.8,1.8,0.0,8.0,36.1,65.5,247,1.57,1.21
Berlin,52.5170365,13.3888599,2024-02-07,63,9.1,-1.1,4.0,3.7,-4.8,-0.8,2024-02-07T06:38,2024-02-07T16:02,33818.51,20286.61,8.6,8.6,0.0,12.0,34.5,64.1,277,5.34,0.8
Berlin,52.5170365,13.3888599,2024-02-08,71,4.7,-2.6,1.0,2.1,-6.5,-2.2,2024-02-08T06:36,2024-02-08T16:04,34042.63,8341.46,3.1,3.0,0.07,10.0,14.8,24.5,155,3.95,0.44
Berlin,52.5170365,13.3888599,2024-02-09,73,7.9,0.9,4.3,5.7,-4.1,0.7,2024-02-09T06:34,2024-02-09T16:06,34269.02,0.0,13.8,12.4,0.98,19.0,23.4,40.7,115,1.41,0.22
Berlin,52.5170365,13.3888599,2024-02-10,61,12.4,6.4,8.6,11.4,4.2,6.6,2024-02-10T06:33,2024-02-10T16:08,34497.41,20192.39,5.5,5.5,0.0,8.0,15.6,26.3,109,4.75,0.58
Berlin,52.5170365,13.3888599,2024-02-11,53,10.1,6.0,7.2,7.4,2.5,4.3,2024-02-11T06:31,2024-02-11T16:09,34727.57,645.6,6.0,6.0,0.0,13.0,17.9,30.6,52,2.23,0.33
Berlin,52.5170365,13.3888599,2024-02-12,53,8.7,4.0,6.5,4.6,0.1,2.9,2024-02-12T06:29,2024-02-12T16:11,34959.25,6110.22,5.0,5.0,0.0,15.0,21.8,43.6,273,2.86,0.45
Berlin,52.5170365,13.3888599,2024-02-13,51,8.2,2.1,4.5,4.0,-1.4,0.6,2024-02-13T06:27,2024-02-13T16:13,35192.22,30547.36,0.1,0.1,0.0,1.0,20.2,36.7,253,6.55,0.81
Berlin,52.5170365,13.3888599,2024-02-14,63,9.3,1.7,6.2,6.3,-1.9,2.7,2024-02-14T06:25,2024-02-14T16:15,35426.24,3510.96,4.7,4.7,0.0,7.0,20.5,37.1,207,1.68,0.48
Berlin,52.5170365,13.3888599,2024-02-15,51,13.2,8.4,10.7,12.0,5.7,8.7,2024-02-15T06:23,2024-02-15T16:17,35661.1,6702.86,0.2,0.2,0.0,2.0,14.8,27.7,204,3.76,0.56
Berlin,52.5170365,13.3888599,2024-02-16,55,15.5,7.9,11.4,13.4,4.8,8.8,2024-02-16T06:21,2024-02-16T16:19,35896.57,28800.0,3.1,3.1,0.0,7.0,18.9,34.2,197,7.16,1.14
Berlin,52.5170365,13.3888599,2024-02-17,53,10.9,3.1,8.5,8.5,0.2,5.2,2024-02-17T06:19,2024-02-17T16:21,36132.45,9492.39,0.9,0.9,0.0,5.0,23.8,44.6,295,4.24,0.83
Berlin,52.5170365,13.3888599,2024-02-18,53,9.3,0.6,6.1,5.8,-2.6,2.7,2024-02-18T06:17,2024-02-18T16:23,36368.53,8989.91,1.6,1.6,0.0,5.0,19.6,33.5,158,5.17,0.87
Berlin,52.5170365,13.3888599,2024-02-19,55,8.5,6.6,7.5,5.1,1.5,3.6,2024-02-19T06:15,2024-02-19T16:25,36604.61,1369.34,5.3,5.3,0.0,17.0,29.4,53.6,273,2.24,0.44
Berlin,52.5170365,13.3888599,2024-02-20,51,8.6,6.3,7.2,4.7,2.3,3.4,2024-02-20T06:13,2024-02-20T16:27,36840.49,8580.25,1.2,1.2,0.0,11.0,26.1,46.4,275,3.77,0.67
Berlin,52.5170365,13.3888599,2024-02-21,53,10.6,6.6,8.0,7.3,3.1,4.3,2024-02-21T06:11,2024-02-21T16:29,37075.98,6971.02,2.0,2.0,0.0,8.0,26.6,46.8,231,3.71,0.83
Hamburg,53.550341,10.000654,2024-01-01,53,7.3,3.7,5.9,2.9,0.0,1.7,2024-01-01T07:36,2024-01-01T15:10,27250.94,0.0,3.2,3.2,0.0,5.0,22.1,38.5,211,1.09,0.45
Hamburg,53.550341,10.000654,2024-01-02,63,9.2,3.4,5.1,5.8,-0.3,1.2,2024-01-02T07:36,2024-01-02T15:11,27329.12,0.0,24.2,24.2,0.0,18.0,23.5,41.0,136,0.38,0.16
Hamburg,53.550341,10.000654,2024-01-03,61,9.5,6.3,8.1,5.3,2.0,3.7,2024-01-03T07:35,2024-01-03T15:12,27413.72,9977.2,8.0,8.0,0.0,16.0,33.1,61.6,230,1.79,0.49
Hamburg,53.550341,10.000654,2024-01-04,71,5.8,-0.1,1.7,1.4,-4.8,-2.8,2024-01-04T07:35,2024-01-04T15:13,27504.55,0.0,0.8,0.3,0.35,7.0,25.9,47.5,310,0.8,0.35
Hamburg,53.550341,10.000654,2024-01-05,75,1.1,-0.0,0.4,-4.2,-5.1,-4.7,2024-01-05T07:35,2024-01-05T15:15,27601.43,0.0,9.3,0.5,6.16,21.0,23.6,42.1,90,0.48,0.3
Hamburg,53.550341,10.000654,2024-01-06,73,0.4,-1.7,-0.7,-4.5,-7.0,-5.9,2024-01-06T07:34,2024-01-06T15:16,27704.18,0.0,11.2,0.3,7.63,22.0,20.3,37.1,70,0.56,0.25
Hamburg,53.550341,10.000654,2024-01-07,71,-1.2,-4.0,-2.4,-5.6,-9.1,-7.3,2024-01-07T07:34,2024-01-07T15:17,27812.63,17386.3,0.3,0.0,0.21,2.0,17.3,31.7,35,2.86,0.32
Hamburg,53.550341,10.000654,2024-01-08,71,-1.1,-6.3,-2.8,-6.3,-10.5,-7.7,2024-01-08T07:33,2024-01-08T15:19,27926.59,20570.33,0.6,0.0,0.42,5.0,20.9,41.0,59,2.69,0.34
Hamburg,53.550341,10.000654,2024-01-09,3,-4.5,-9.6,-6.6,-8.3,-14.5,-10.7,2024-01-09T07:33,2024-01-09T15:20,28045.87,15059.66,0.0,0.0,0.0,0.0,11.1,15.8,75,3.41,0.17
Hamburg,53.550341,10.000654,2024-01-10,3,-4.6,-7.6,-5.9,-7.6,-11.7,-9.6,2024-01-10T07:32,2024-01-10T15:21,28170.31,19470.01,0.0,0.0,0.0,0.0,6.8,15.8,83,3.13,0.17
Hamburg,53.550341,10.000654,2024-01-11,3,2.1,-6.3,-2.2,-1.2,-10.7,-6.0,2024-01-11T07:32,2024-01-11T15:23,28299.71,0.0,0.0,0.0,0.0,0.0,10.8,19.4,298,1.79,0.18
Hamburg,53.550341,10.000654,2024-01-12,3,2.8,-6.6,-0.6,-1.0,-11.1,-4.7,2024-01-12T07:31,2024-01-12T15:24,28433.9,0.0,0.0,0.0,0.0,0.0,16.8,29.5,273,1.75,0.18
Hamburg,53.550341,10.000654,2024-01-13,71,3.3,1.9,2.7,-1.5,-2.7,-2.2,2024-01-13T07:30,2024-01-13T15:26,28573.0,0.0,4.7,4.6,0.07,14.0,26.1,45.4,266,0.55,0.18
Hamburg,53.550341,10.000654,2024-01-14,73,3.5,1.0,2.0,-1.1,-4.6,-2.9,2024-01-14T07:29,2024-01-14T15:28,28718.53,12092.72,3.9,2.9,0.7,12.0,25.7,45.0,265,2.31,0.28
Hamburg,53.550341,10.000654,2024-01-15,75,1.6,-3.8,-0.1,-2.5,-7.4,-4.7,2024-01-15T07:28,2024-01-15T15:29,28870.42,1656.02,6.0,0.6,3.78,11.0,27.7,49.0,272,1.92,0.29
Hamburg,53.550341,10.000654,2024-01-16,73,0.9,-6.0,-1.7,-3.6,-10.2,-6.5,2024-01-16T07:27,2024-01-16T15:31,29028.35,6735.76,1.6,0.0,1.12,5.0,20.5,37.1,235,2.82,0.33
Hamburg,53.550341,10.000654,2024-01-17,3,-1.0,-5.3,-2.5,-4.6,-9.5,-7.0,2024-01-17T07:26,2024-01-17T15:32,29191.96,5578.84,0.0,0.0,0.0,0.0,20.7,36.4,208,2.43,0.34
Hamburg,53.550341,10.000654,2024-01-18,1,1.5,-6.4,-3.3,-2.8,-10.9,-7.7,2024-01-18T07:25,2024-01-18T15:34,29360.93,24141.85,0.0,0.0,0.0,0.0,17.6,30.2,262,4.56,0.33
Hamburg,53.550341,10.000654,2024-01-19,71,2.1,-2.6,0.3,-4.0,-8.1,-5.6,2024-01-19T07:24,2024-01-19T15:36,29534.92,24284.29,0.2,0.0,0.14,2.0,30.4,53.3,251,3.9,0.62
Hamburg,53.550341,10.000654,2024-01-20,3,2.9,-1.3,0.9,-2.6,-6.3,-4.7,2024-01-20T07:23,2024-01-20T15:38,29713.61,20586.9,0.0,0.0,0.0,0.0,27.9,49.3,242,3.46,0.52
Hamburg,53.550341,10.000654,2024-01-21,73,5.2,-0.7,2.6,-1.0,-6.0,-3.5,2024-01-21T07:22,2024-01-21T15:40,29896.68,3528.45,0.4,0.1,0.21,1.0,29.8,51.8,202,1.35,1.31
Hamburg,53.550341,10.000654,2024-01-22,61,9.2,4.9,6.9,4.6,-0.9,1.4,2024-01-22T07:20,2024-01-22T15:41,30083.82,7194.76,6.5,6.5,0.0,11.0,38.5,69.1,228,1.17,0.76
Hamburg,53.550341,10.000654,2024-01-23,71,7.6,3.8,5.6,2.6,-1.7,0.4,2024-01-23T07:19,2024-01-23T15:43,30274.73,23209.99,4.2,4.0,0.14,8.0,31.8,59.0,239,3.55,0.78
Hamburg,53.550341,10.000654,2024-01-24,61,11.5,6.3,8.6,6.0,0.3,2.4,2024-01-24T07:18,2024-01-24T15:45,30469.11,14060.03,9.5,9.5,0.0,15.0,41.7,77.4,260,2.2,1.03
Hamburg,53.550341,10.000654,2024-01-25,3,8.1,2.7,5.8,4.1,-0.1,1.6,2024-01-25T07:16,2024-01-25T15:47,30666.67,17712.99,0.0,0.0,0.0,0.0,31.8,58.7,274,3.51,0.62
Hamburg,53.550341,10.000654,2024-01-26,63,9.6,4.6,6.6,4.8,-0.9,1.9,2024-01-26T07:15,2024-01-26T15:49,30867.14,4586.97,6.1,6.1,0.0,6.0,37.9,66.2,254,1.23,0.53
Hamburg,53.550341,10.000654,2024-01-27,3,7.2,1.4,4.4,3.0,-2.3,0.3,2024-01-27T07:13,2024-01-27T15:51,31070.24,25275.64,0.0,0.0,0.0,0.0,22.2,40.7,260,4.38,0.54
Hamburg,53.550341,10.000654,2024-01-28,3,7.1,-0.7,2.8,3.3,-4.3,-1.1,2024-01-28T07:12,2024-01-28T15:53,31275.69,25643.79,0.0,0.0,0.0,0.0,14.5,24.8,163,5.11,0.77
Hamburg,53.550341,10.000654,2024-01-29,3,9.2,2.6,5.6,6.2,-1.4,2.3,2024-01-29T07:10,2024-01-29T15:55,31483.26,21880.98,0.0,0.0,0.0,0.0,13.8,23.8,197,4.39,0.83
Hamburg,53.550341,10.000654,2024-01-30,51,10.0,3.5,7.2,7.3,0.6,3.9,2024-01-30T07:09,2024-01-30T15:57,31692.67,919.33,0.3,0.3,0.0,3.0,24.1,42.1,220,2.66,0.57
Hamburg,53.550341,10.000654,2024-01-31,51,6.4,4.6,5.4,1.8,-0.9,0.5,2024-01-31T07:07,2024-01-31T15:59,31903.71,13363.14,0.3,0.3,0.0,2.0,28.4,49.7,245,3.65,0.96
Hamburg,53.550341,10.000654,2024-02-01,55,7.9,4.1,5.8,2.8,-0.3,0.9,2024-02-01T07:05,2024-02-01T16:00,32116.1,26234.49,2.5,2.5,0.0,6.0,30.4,55.8,273,5.01,0.75
Hamburg,53.550341,10.000654,2024-02-02,51,8.9,3.9,6.7,4.1,-0.4,2.0,2024-02-02T07:04,2024-02-02T16:02,32330.04,0.0,0.9,0.9,0.0,9.0,27.5,48.2,253,1.25,0.53
Hamburg,53.550341,10.000654,2024-02-03,51,10.8,5.5,8.7,5.7,1.1,4.1,2024-02-03T07:02,2024-02-03T16:04,32547.65,3600.0,0.9,0.9,0.0,7.0,31.4,55.4,272,1.99,0.73
Hamburg,53.550341,10.000654,2024-02-04,55,9.0,5.1,6.7,3.6,-0.2,1.5,2024-02-04T07:00,2024-02-04T16:06,32769.01,7981.21,6.7,6.7,0.0,9.0,35.7,64.8,265,3.13,0.73
Hamburg,53.550341,10.000654,2024-02-05,55,9.0,8.1,8.5,4.2,2.8,3.5,2024-02-05T06:59,2024-02-05T16:08,32993.82,0.0,6.3,6.3,0.0,17.0,31.9,58.0,262,0.78,0.6
Hamburg,53.550341,10.000654,2024-02-06,61,10.4,5.8,8.8,5.0,0.9,3.8,2024-02-06T06:57,2024-02-06T16:10,33221.78,0.0,11.7,11.7,0.0,17.0,33.5,63.4,249,1.14,0.67
Hamburg,53.550341,10.000654,2024-02-07,51,5.9,-0.3,3.6,1.2,-4.0,-1.0,2024-02-07T06:55,2024-02-07T16:12,33452.59,27281.26,0.1,0.1,0.0,1.0,24.2,41.8,279,6.17,0.96
Hamburg,53.550341,10.000654,2024-02-08,73,4.1,-0.4,1.6,1.5,-4.2,-1.9,2024-02-08T06:53,2024-02-08T16:14,33685.98,3222.19,2.8,2.1,0.49,11.0,17.9,30.6,165,2.93,0.38
Hamburg,53.550341,10.000654,2024-02-09,75,4.6,1.0,2.4,2.2,-4.7,-1.8,2024-02-09T06:51,2024-02-09T16:16,33921.68,0.0,24.9,21.1,2.66,22.0,25.1,44.3,103,0.9,0.16
Hamburg,53.550341,10.000654,2024-02-10,61,10.3,4.1,6.3,8.4,1.1,3.6,2024-02-10T06:49,2024-02-10T16:18,34159.41,14667.62,3.5,3.5,0.0,5.0,16.7,28.4,94,4.4,0.47
Hamburg,53.550341,10.000654,2024-02-11,53,6.7,4.9,5.5,3.5,1.1,2.4,2024-02-11T06:47,2024-02-11T16:20,34398.91,0.0,4.0,4.0,0.0,12.0,18.6,32.8,82,1.46,0.26
Hamburg,53.550341,10.000654,2024-02-12,51,8.0,3.3,5.7,4.5,-0.3,2.5,2024-02-12T06:45,2024-02-12T16:22,34639.95,13040.73,2.3,2.3,0.0,12.0,19.1,35.6,268,3.59,0.48
Hamburg,53.550341,10.000654,2024-02-13,53,7.2,2.3,4.8,3.7,-1.7,0.8,2024-02-13T06:43,2024-02-13T16:24,34882.26,12511.33,1.0,1.0,0.0,4.0,22.0,40.7,228,3.51,0.57
Hamburg,53.550341,10.000654,2024-02-14,61,11.2,4.8,8.1,8.3,1.0,5.1,2024-02-14T06:41,2024-02-14T16:26,35125.63,240.38,11.7,11.7,0.0,20.0,18.9,34.6,206,1.78,0.37
Hamburg,53.550341,10.000654,2024-02-15,53,12.4,10.1,11.5,10.8,8.1,9.7,2024-02-15T06:39,2024-02-15T16:28,35369.81,0.0,2.7,2.7,0.0,13.0,14.9,25.9,208,1.71,0.35
Hamburg,53.550341,10.000654,2024-02-16,55,15.3,9.3,11.3,12.0,6.2,8.7,2024-02-16T06:37,2024-02-16T16:30,35614.59,22309.36,2.1,2.1,0.0,6.0,23.5,44.6,225,5.14,0.95
Hamburg,53.550341,10.000654,2024-02-17,51,9.4,0.8,6.3,6.2,-2.3,2.7,2024-02-17T06:35,2024-02-17T16:32,35859.74,30391.91,0.3,0.3,0.0,2.0,22.5,41.4,286,6.76,0.9
Hamburg,53.550341,10.000654,2024-02-18,61,8.5,1.5,6.6,5.8,-1.9,3.4,2024-02-18T06:33,2024-02-18T16:34,36105.06,0.0,13.3,13.3,0.0,15.0,18.5,31.7,172,0.89,0.36
Hamburg,53.550341,10.000654,2024-02-19,53,9.5,6.0,7.6,6.0,1.1,3.9,2024-02-19T06:30,2024-02-19T16:36,36350.33,5503.47,3.3,3.3,0.0,10.0,25.8,45.4,286,3.59,0.54
Hamburg,53.550341,10.000654,2024-02-20,51,9.6,6.3,7.7,5.5,2.6,3.9,2024-02-20T06:28,2024-02-20T16:38,36595.35,13549.57,0.4,0.4,0.0,4.0,23.0,40.7,260,5.2,0.82
Hamburg,53.550341,10.000654,2024-02-21,53,9.8,7.8,8.6,6.3,3.7,4.9,2024-02-21T06:26,2024-02-21T16:40,36839.93,4860.01,3.1,3.1,0.0,12.0,23.3,40.3,220,2.92,0.75
Munich,48.1371079,11.5753822,2024-01-01,51,7.4,2.8,4.4,1.9,-2.3,-0.5,2024-01-01T07:03,2024-01-01T15:29,30365.48,25743.93,0.1,0.1,0.0,1.0,24.2,51.8,242,5.47,1.07
Munich,48.1371079,11.5753822,2024-01-02,53,9.8,1.8,5.9,4.4,-2.3,1.1,2024-01-02T07:03,2024-01-02T15:30,30425.83,0.0,1.7,1.7,0.0,7.0,29.0,54.7,235,0.78,1.22
Munich,48.1371079,11.5753822,2024-01-03,53,11.1,7.0,8.9,5.3,0.9,3.1,2024-01-03T07:03,2024-01-03T15:31,30491.18,15373.79,0.7,0.7,0.0,1.0,35.8,68.0,249,3.72,1.91
Munich,48.1371079,11.5753822,2024-01-04,53,7.9,1.8,5.6,2.3,-1.2,0.3,2024-01-04T07:03,2024-01-04T15:32,30561.41,20642.02,2.5,2.5,0.0,7.0,33.2,66.2,249,4.18,0.95
Munich,48.1371079,11.5753822,2024-01-05,55,8.4,0.2,3.6,5.7,-3.7,0.8,2024-01-05T07:03,2024-01-05T15:34,30636.38,6098.43,5.9,5.9,0.0,11.0,9.2,16.6,210,2.8,0.45
Munich,48.1371079,11.5753822,2024-01-06,73,4.5,1.0,2.6,2.6,-2.3,-0.2,2024-01-06T07:03,2024-01-06T15:35,30715.98,0.0,17.4,15.0,1.68,24.0,10.2,19.1,301,0.63,0.16
Munich,48.1371079,11.5753822,2024-01-07,73,0.9,-5.6,-0.8,-2.6,-10.1,-4.9,2024-01-07T07:03,2024-01-07T15:36,30800.06,0.0,14.5,1.1,9.38,21.0,13.9,24.5,14,1.18,0.18
Munich,48.1371079,11.5753822,2024-01-08,71,-2.8,-8.1,-4.7,-7.7,-13.5,-9.6,2024-01-08T07:02,2024-01-08T15:37,30888.51,10800.0,0.2,0.0,0.14,2.0,17.2,31.7,60,4.09,0.38
Munich,48.1371079,11.5753822,2024-01-09,2,-4.4,-12.6,-8.1,-9.2,-16.8,-13.3,2024-01-09T07:02,2024-01-09T15:38,30981.19,25994.62,0.0,0.0,0.0,0.0,16.2,31.7,80,5.97,0.47
Munich,48.1371079,11.5753822,2024-01-10,3,-3.6,-13.1,-8.1,-7.1,-16.9,-11.9,2024-01-10T07:02,2024-01-10T15:39,31077.97,19371.37,0.0,0.0,0.0,0.0,7.1,12.6,143,5.08,0.32
Munich,48.1371079,11.5753822,2024-01-11,3,-4.9,-10.8,-7.7,-8.2,-14.7,-11.4,2024-01-11T07:01,2024-01-11T15:41,31178.74,7517.77,0.0,0.0,0.0,0.0,7.9,13.7,227,4.36,0.28
Munich,48.1371079,11.5753822,2024-01-12,3,-2.6,-9.0,-5.7,-6.1,-13.6,-9.6,2024-01-12T07:01,2024-01-12T15:42,31283.35,25831.74,0.0,0.0,0.0,0.0,9.9,15.8,266,5.69,0.37
Munich,48.1371079,11.5753822,2024-01-13,3,-2.0,-9.2,-5.1,-6.3,-14.1,-9.3,2024-01-13T07:00,2024-01-13T15:43,31391.91,14829.75,0.0,0.0,0.0,0.0,11.5,24.1,254,4.63,0.31
Munich,48.1371079,11.5753822,2024-01-14,3,1.9,-8.0,-4.2,-2.8,-13.5,-8.6,2024-01-14T07:00,2024-01-14T15:44,31505.62,26846.51,0.0,0.0,0.0,0.0,21.6,39.6,254,6.65,0.6
Munich,48.1371079,11.5753822,2024-01-15,73,0.9,-4.5,-1.9,-4.8,-10.3,-7.6,2024-01-15T06:59,2024-01-15T15:46,31624.46,22448.09,2.1,0.0,1.47,5.0,23.1,46.4,266,5.32,0.67
Munich,48.1371079,11.5753822,2024-01-16,3,0.2,-9.0,-4.9,-3.0,-13.7,-9.2,2024-01-16T06:58,2024-01-16T15:47,31748.17,19440.02,0.0,0.0,0.0,0.0,19.8,35.6,226,5.07,0.47
Munich,48.1371079,11.5753822,2024-01-17,73,6.4,-4.2,1.9,1.9,-7.8,-1.9,2024-01-17T06:57,2024-01-17T15:49,31876.51,0.0,9.5,7.5,1.4,16.0,20.0,45.4,195,1.53,0.46
Munich,48.1371079,11.5753822,2024-01-18,75,9.7,-1.3,4.0,4.4,-5.5,-0.1,2024-01-18T06:57,2024-01-18T15:50,32009.21,3966.71,10.6,5.7,3.43,15.0,28.2,51.8,256,2.01,0.49
Munich,48.1371079,11.5753822,2024-01-19,73,-0.5,-5.9,-2.7,-5.2,-10.0,-7.0,2024-01-19T06:56,2024-01-19T15:51,32146.04,8034.14,0.8,0.0,0.56,4.0,12.4,26.3,280,3.57,0.44
Munich,48.1371079,11.5753822,2024-01-20,1,1.4,-8.2,-5.4,-2.9,-12.9,-9.6,2024-01-20T06:55,2024-01-20T15:53,32286.76,27984.46,0.0,0.0,0.0,0.0,10.8,18.7,149,7.02,0.7
Munich,48.1371079,11.5753822,2024-01-21,2,5.9,-8.9,-2.4,1.5,-13.4,-6.9,2024-01-21T06:54,2024-01-21T15:54,32431.11,22857.37,0.0,0.0,0.0,0.0,12.3,22.0,216,6.07,0.92
Munich,48.1371079,11.5753822,2024-01-22,63,11.5,-5.3,3.2,5.8,-10.0,-2.0,2024-01-22T06:53,2024-01-22T15:56,32578.88,5383.37,8.2,8.2,0.0,7.0,32.1,58.7,237,2.61,1.28
Munich,48.1371079,11.5753822,2024-01-23,71,6.0,3.2,4.6,1.3,-2.3,-0.6,2024-01-23T06:52,2024-01-23T15:57,32729.83,26608.12,2.8,2.7,0.07,12.0,28.1,54.7,255,5.52,0.91
Munich,48.1371079,11.5753822,2024-01-24,61,12.9,6.0,9.5,6.3,1.0,3.9,2024-01-24T06:51,2024-01-24T15:59,32883.73,931.35,4.3,4.3,0.0,6.0,40.1,76.3,262,2.3,1.44
Munich,48.1371079,11.5753822,2024-01-25,53,8.2,5.3,6.3,4.1,0.9,2.6,2024-01-25T06:50,2024-01-25T16:01,33040.36,14618.24,1.9,1.9,0.0,10.0,21.5,40.3,273,4.74,0.79
Munich,48.1371079,11.5753822,2024-01-26,55,11.5,2.0,7.2,7.0,-1.3,3.2,2024-01-26T06:49,2024-01-26T16:02,33199.5,4219.57,4.6,4.6,0.0,8.0,30.0,56.2,261,2.49,0.66
Munich,48.1371079,11.5753822,2024-01-27,0,6.0,-2.3,0.8,3.2,-6.1,-2.6,2024-01-27T06:48,2024-01-27T16:04,33360.94,29186.51,0.0,0.0,0.0,0.0,10.1,17.3,242,7.91,0.77
Munich,48.1371079,11.5753822,2024-01-28,1,9.3,-4.4,0.6,5.9,-8.4,-3.4,2024-01-28T06:47,2024-01-28T16:05,33524.47,29368.1,0.0,0.0,0.0,0.0,14.1,20.5,131,7.93,1.04
Munich,48.1371079,11.5753822,2024-01-29,1,10.6,-4.6,0.8,7.5,-8.6,-2.7,2024-01-29T06:46,2024-01-29T16:07,33689.89,29078.94,0.0,0.0,0.0,0.0,11.6,14.0,172,7.95,0.99
Munich,48.1371079,11.5753822,2024-01-30,3,11.2,-1.7,3.4,9.4,-5.4,-0.0,2024-01-30T06:44,2024-01-30T16:08,33857.01,28728.68,0.0,0.0,0.0,0.0,11.7,19.4,224,7.43,1.05
Munich,48.1371079,11.5753822,2024-01-31,3,10.8,0.7,4.4,8.7,-2.8,1.4,2024-01-31T06:43,2024-01-31T16:10,34025.62,27687.16,0.0,0.0,0.0,0.0,11.4,19.8,237,6.91,0.9
Munich,48.1371079,11.5753822,2024-02-01,61,7.2,3.0,6.0,3.0,-0.9,2.2,2024-02-01T06:42,2024-02-01T16:12,34195.52,0.0,6.2,6.2,0.0,11.0,20.8,38.5,260,1.11,0.42
Munich,48.1371079,11.5753822,2024-02-02,51,7.9,4.4,6.1,3.3,0.6,1.9,2024-02-02T06:41,2024-02-02T16:13,34366.87,7220.09,0.4,0.4,0.0,3.0,23.6,43.2,254,2.91,1.0
Munich,48.1371079,11.5753822,2024-02-03,3,11.1,4.8,7.4,6.8,0.3,3.0,2024-02-03T06:39,2024-02-03T16:15,34541.37,30489.43,0.0,0.0,0.0,0.0,22.6,41.8,269,8.47,1.78
Munich,48.1371079,11.5753822,2024-02-04,55,10.3,5.1,7.4,5.9,0.6,2.8,2024-02-04T06:38,2024-02-04T16:16,34719.08,6719.8,3.7,3.7,0.0,6.0,25.2,46.4,255,3.47,1.0
Munich,48.1371079,11.5753822,2024-02-05,3,12.0,6.4,8.5,7.8,1.1,3.7,2024-02-05T06:36,2024-02-05T16:18,34899.77,30881.6,0.0,0.0,0.0,0.0,25.6,47.9,259,8.68,2.05
Munich,48.1371079,11.5753822,2024-02-06,1,9.9,4.5,7.5,5.4,-0.8,2.6,2024-02-06T06:35,2024-02-06T16:19,35083.2,31081.74,0.0,0.0,0.0,0.0,22.0,40.3,261,8.61,1.97
Munich,48.1371079,11.5753822,2024-02-07,53,10.4,4.4,7.6,4.5,-1.2,2.0,2024-02-07T06:33,2024-02-07T16:21,35269.14,17429.87,1.0,1.0,0.0,3.0,30.5,58.7,250,5.3,1.88
Munich,48.1371079,11.5753822,2024-02-08,55,12.8,6.7,9.4,8.1,1.7,5.1,2024-02-08T06:32,2024-02-08T16:23,35457.37,8850.52,2.3,2.3,0.0,4.0,28.1,53.6,244,3.7,1.49
Munich,48.1371079,11.5753822,2024-02-09,51,12.3,5.8,8.3,11.1,3.6,6.3,2024-02-09T06:30,2024-02-09T16:24,35647.66,10800.0,0.3,0.3,0.0,3.0,9.5,15.1,130,4.66,0.73
Munich,48.1371079,11.5753822,2024-02-10,3,14.0,3.8,8.1,11.0,1.1,5.4,2024-02-10T06:29,2024-02-10T16:26,35839.8,5355.56,0.0,0.0,0.0,0.0,14.2,26.6,151,4.99,1.08
Munich,48.1371079,11.5753822,2024-02-11,53,8.6,4.2,6.0,5.2,-1.0,1.8,2024-02-11T06:27,2024-02-11T16:28,36033.57,0.0,3.8,3.8,0.0,14.0,26.6,49.3,246,2.1,0.58
Munich,48.1371079,11.5753822,2024-02-12,75,8.5,3.4,5.2,5.1,-0.5,1.4,2024-02-12T06:26,2024-02-12T16:29,36228.79,32255.28,6.3,4.4,1.33,8.0,20.9,39.2,255,7.09,1.0
Munich,48.1371079,11.5753822,2024-02-13,51,8.5,0.6,4.2,4.6,-3.0,0.6,2024-02-13T06:24,2024-02-13T16:31,36425.23,28001.32,1.4,1.4,0.0,8.0,16.0,30.2,253,6.71,0.93
Munich,48.1371079,11.5753822,2024-02-14,3,12.7,0.8,7.0,10.1,-2.9,3.5,2024-02-14T06:22,2024-02-14T16:32,36622.72,32400.0,0.0,0.0,0.0,0.0,15.5,29.2,234,7.96,1.44
Munich,48.1371079,11.5753822,2024-02-15,3,14.8,3.3,8.3,13.1,0.0,6.0,2024-02-15T06:21,2024-02-15T16:34,36821.05,30039.91,0.0,0.0,0.0,0.0,11.2,15.8,164,9.21,1.35
Munich,48.1371079,11.5753822,2024-02-16,3,16.2,1.5,8.5,14.3,-1.5,6.2,2024-02-16T06:19,2024-02-16T16:36,37020.05,30648.04,0.0,0.0,0.0,0.0,11.5,19.8,239,9.44,1.43
Munich,48.1371079,11.5753822,2024-02-17,55,11.7,4.1,8.9,9.1,1.7,6.9,2024-02-17T06:17,2024-02-17T16:37,37219.53,14401.33,6.6,6.6,0.0,11.0,12.5,25.6,277,3.68,0.67
Munich,48.1371079,11.5753822,2024-02-18,51,12.9,3.6,8.5,11.2,0.9,6.1,2024-02-18T06:15,2024-02-18T16:39,37419.3,29048.54,0.2,0.2,0.0,1.0,19.4,34.9,226,9.81,1.41
Munich,48.1371079,11.5753822,2024-02-19,61,9.5,5.0,7.2,4.5,2.1,3.1,2024-02-19T06:14,2024-02-19T16:40,37619.21,13293.06,9.6,9.6,0.0,17.0,24.8,47.2,265,5.29,0.98
Munich,48.1371079,11.5753822,2024-02-20,73,7.9,3.7,5.7,3.1,-0.3,1.6,2024-02-20T06:12,2024-02-20T16:42,37819.07,22692.27,6.4,5.6,0.56,12.0,19.7,39.6,267,6.88,1.12
Munich,48.1371079,11.5753822,2024-02-21,3,12.5,2.2,7.0,9.7,-1.9,3.6,2024-02-21T06:10,2024-02-21T16:44,38018.71,29332.91,0.0,0.0,0.0,0.0,12.0,21.6,224,10.54,1.72
Cologne,43.7218277,0.9774958,2024-01-01,51,11.5,4.4,7.4,8.9,1.5,4.4,2024-01-01T07:29,2024-01-01T16:28,32366.54,12994.83,0.8,0.8,0.0,5.0,17.2,28.1,230,3.86,0.72
Cologne,43.7218277,0.9774958,2024-01-02,51,12.4,5.2,8.6,9.7,1.3,5.5,2024-01-02T07:29,2024-01-02T16:29,32416.51,2643.2,1.1,1.1,0.0,5.0,17.3,29.9,150,3.31,0.97
Cologne,43.7218277,0.9774958,2024-01-03,61,12.9,7.8,10.5,10.2,6.1,8.1,2024-01-03T07:29,2024-01-03T16:30,32470.65,0.0,4.6,4.6,0.0,4.0,19.6,33.8,244,1.97,0.75
Cologne,43.7218277,0.9774958,2024-01-04,51,13.5,4.5,8.8,11.4,2.0,6.6,2024-01-04T07:29,2024-01-04T16:31,32528.85,26750.46,0.1,0.1,0.0,1.0,17.0,31.3,154,6.87,0.95
Cologne,43.7218277,0.9774958,2024-01-05,55,8.7,5.0,7.5,6.6,1.6,4.8,2024-01-05T07:29,2024-01-05T16:32,32591.0,0.0,9.5,9.5,0.0,20.0,18.4,34.2,285,2.27,0.39
Cologne,43.7218277,0.9774958,2024-01-06,73,7.8,3.2,5.1,2.8,-1.0,0.9,2024-01-06T07:29,2024-01-06T16:33,32657.02,14400.0,2.5,2.1,0.28,5.0,24.3,44.3,293,4.73,0.61
Cologne,43.7218277,0.9774958,2024-01-07,51,4.7,2.4,3.4,-0.9,-2.4,-1.7,2024-01-07T07:29,2024-01-07T16:34,32726.79,7708.59,0.5,0.5,0.0,5.0,28.0,49.0,300,3.47,0.72
Cologne,43.7218277,0.9774958,2024-01-08,51,4.7,-2.2,2.4,-0.3,-6.0,-1.9,2024-01-08T07:29,2024-01-08T16:35,32800.21,18619.09,1.2,1.2,0.0,9.0,19.1,36.0,305,4.14,0.61
Cologne,43.7218277,0.9774958,2024-01-09,3,3.8,-4.7,-1.0,0.9,-8.6,-4.4,2024-01-09T07:29,2024-01-09T16:36,32877.19,28696.49,0.0,0.0,0.0,0.0,8.5,14.0,63,8.16,0.73
Cologne,43.7218277,0.9774958,2024-01-10,51,4.2,-2.5,1.6,1.5,-6.3,-1.8,2024-01-10T07:28,2024-01-10T16:37,32957.62,0.0,0.7,0.7,0.0,7.0,16.8,28.1,93,1.97,0.39
Cologne,43.7218277,0.9774958,2024-01-11,71,4.5,0.9,2.4,1.3,-2.3,-0.8,2024-01-11T07:28,2024-01-11T16:39,33041.4,20893.82,0.4,0.1,0.21,3.0,11.2,19.8,287,5.43,0.6
Cologne,43.7218277,0.9774958,2024-01-12,3,4.7,-1.8,1.2,2.2,-4.9,-1.5,2024-01-12T07:28,2024-01-12T16:40,33128.43,12171.95,0.0,0.0,0.0,0.0,7.2,14.0,355,4.93,0.53
Cologne,43.7218277,0.9774958,2024-01-13,3,6.9,-1.9,1.5,4.1,-6.0,-2.0,2024-01-13T07:27,2024-01-13T16:41,33218.79,22067.07,0.0,0.0,0.0,0.0,12.6,24.1,114,6.87,0.63
Cologne,43.7218277,0.9774958,2024-01-14,51,13.7,0.5,7.2,12.0,-3.1,4.9,2024-01-14T07:27,2024-01-14T16:42,33313.5,20006.58,0.9,0.9,0.0,4.0,11.6,22.0,280,6.19,0.89
Cologne,43.7218277,0.9774958,2024-01-15,55,12.6,6.3,9.7,11.0,4.4,8.1,2024-01-15T07:26,2024-01-15T16:43,33412.53,5953.64,5.1,5.1,0.0,12.0,18.4,31.0,260,2.9,0.44
Cologne,43.7218277,0.9774958,2024-01-16,51,15.0,10.5,12.2,14.1,6.3,10.0,2024-01-16T07:26,2024-01-16T16:44,33515.69,21600.0,0.9,0.9,0.0,4.0,25.5,41.4,220,6.09,1.0
Cologne,43.7218277,0.9774958,2024-01-17,53,12.4,8.3,10.3,11.3,5.8,7.8,2024-01-17T07:25,2024-01-17T16:46,33622.77,120.41,3.6,3.6,0.0,8.0,20.7,41.4,156,2.7,0.49
Cologne,43.7218277,0.9774958,2024-01-18,61,17.6,3.2,11.8,13.6,-1.9,7.0,2024-01-18T07:25,2024-01-18T16:47,33733.57,22265.81,3.4,3.4,0.0,8.0,31.0,57.2,276,5.79,2.51
Cologne,43.7218277,0.9774958,2024-01-19,2,3.4,-3.7,0.7,-0.5,-7.9,-3.2,2024-01-19T07:24,2024-01-19T16:48,33847.89,10309.98,0.0,0.0,0.0,0.0,14.3,33.1,339,5.75,0.71
Cologne,43.7218277,0.9774958,2024-01-20,0,5.2,-5.9,-1.0,1.7,-10.1,-4.7,2024-01-20T07:23,2024-01-20T16:49,33965.53,29952.51,0.0,0.0,0.0,0.0,15.6,24.8,126,9.4,0.88
Cologne,43.7218277,0.9774958,2024-01-21,3,11.1,-0.1,4.2,8.7,-4.2,0.6,2024-01-21T07:23,2024-01-21T16:51,34086.3,16802.64,0.0,0.0,0.0,0.0,18.1,29.2,138,4.55,0.71
Cologne,43.7218277,0.9774958,2024-01-22,51,13.7,2.1,7.7,12.3,-2.3,4.6,2024-01-22T07:22,2024-01-22T16:52,34209.99,10800.0,0.1,0.1,0.0,1.0,20.7,35.6,196,4.43,0.96
Cologne,43.7218277,0.9774958,2024-01-23,3,14.2,6.7,9.8,13.4,4.7,8.5,2024-01-23T07:21,2024-01-23T16:53,34336.44,17591.96,0.0,0.0,0.0,0.0,13.2,22.0,258,5.78,0.78
Cologne,43.7218277,0.9774958,2024-01-24,3,16.2,5.0,9.7,15.5,3.1,8.4,2024-01-24T07:20,2024-01-24T16:55,34465.45,28049.02,0.0,0.0,0.0,0.0,8.2,18.4,117,7.57,1.08
Cologne,43.7218277,0.9774958,2024-01-25,3,14.7,6.8,9.5,14.1,4.4,7.8,2024-01-25T07:19,2024-01-25T16:56,34596.83,20687.84,0.0,0.0,0.0,0.0,11.8,23.0,141,7.77,0.98
Cologne,43.7218277,0.9774958,2024-01-26,3,12.9,5.4,8.5,11.7,3.6,7.3,2024-01-26T07:19,2024-01-26T16:57,34730.41,19008.84,0.0,0.0,0.0,0.0,7.8,16.9,321,6.36,0.8
Cologne,43.7218277,0.9774958,2024-01-27,3,11.4,5.7,8.0,9.7,4.0,5.9,2024-01-27T07:18,2024-01-27T16:59,34866.02,14077.88,0.0,0.0,0.0,0.0,19.6,31.7,108,5.85,0.71
Cologne,43.7218277,0.9774958,2024-01-28,3,13.2,8.1,10.1,8.4,2.6,5.4,2024-01-28T07:17,2024-01-28T17:00,35003.46,29630.36,0.0,0.0,0.0,0.0,32.1,56.9,119,8.64,1.44
Cologne,43.7218277,0.9774958,2024-01-29,3,15.2,9.9,11.5,11.0,6.1,7.7,2024-01-29T07:16,2024-01-29T17:01,35142.6,28846.65,0.0,0.0,0.0,0.0,28.7,49.7,119,8.27,1.26
Cologne,43.7218277,0.9774958,2024-01-30,3,16.0,8.1,11.3,13.7,5.6,8.7,2024-01-30T07:15,2024-01-30T17:03,35283.24,22811.34,0.0,0.0,0.0,0.0,19.8,35.3,121,8.27,1.25
Cologne,43.7218277,0.9774958,2024-01-31,3,13.8,6.2,9.5,13.2,4.7,7.9,2024-01-31T07:14,2024-01-31T17:04,35425.23,23134.83,0.0,0.0,0.0,0.0,12.4,22.0,120,7.71,1.01
Cologne,43.7218277,0.9774958,2024-02-01,51,10.1,5.7,8.1,7.4,4.0,6.0,2024-02-01T07:13,2024-02-01T17:05,35568.41,2594.99,0.5,0.5,0.0,5.0,17.9,33.5,281,4.67,0.57
Cologne,43.7218277,0.9774958,2024-02-02,3,12.3,5.1,9.0,10.3,2.4,7.1,2024-02-02T07:12,2024-02-02T17:07,35712.89,12111.14,0.0,0.0,0.0,0.0,9.9,20.2,303,4.72,0.72
Cologne,43.7218277,0.9774958,2024-02-03,3,11.2,4.4,6.7,10.1,2.1,5.2,2024-02-03T07:11,2024-02-03T17:08,35860.12,19502.22,0.0,0.0,0.0,0.0,8.0,15.1,329,6.62,0.83
Cologne,43.7218277,0.9774958,2024-02-04,3,9.7,3.8,5.8,7.7,2.2,3.9,2024-02-04T07:09,2024-02-04T17:09,36010.14,20482.19,0.0,0.0,0.0,0.0,7.2,17.6,344,6.99,0.82
Cologne,43.7218277,0.9774958,2024-02-05,3,7.7,2.9,5.3,5.4,0.7,3.2,2024-02-05T07:08,2024-02-05T17:11,36162.79,7410.45,0.0,0.0,0.0,0.0,8.9,17.6,291,5.41,0.65
Cologne,43.7218277,0.9774958,2024-02-06,3,9.7,3.2,6.6,8.0,0.7,4.6,2024-02-06T07:07,2024-02-06T17:12,36317.84,5134.8,0.0,0.0,0.0,0.0,8.3,14.8,208,5.3,0.76
Cologne,43.7218277,0.9774958,2024-02-07,53,15.0,1.6,8.2,13.4,-1.6,5.9,2024-02-07T07:06,2024-02-07T17:14,36475.1,29986.67,0.6,0.6,0.0,2.0,12.7,23.0,190,9.7,1.41
Cologne,43.7218277,0.9774958,2024-02-08,51,18.0,7.4,12.6,15.7,5.0,10.5,2024-02-08T07:04,2024-02-08T17:15,36634.4,22282.13,0.7,0.7,0.0,4.0,18.7,34.6,149,7.62,1.58
Cologne,43.7218277,0.9774958,2024-02-09,51,15.9,10.2,11.8,13.4,6.6,8.9,2024-02-09T07:03,2024-02-09T17:16,36795.52,15466.92,1.1,1.1,0.0,5.0,20.9,33.8,131,5.93,1.5
Cologne,43.7218277,0.9774958,2024-02-10,61,10.7,6.2,8.6,8.1,1.1,4.0,2024-02-10T07:02,2024-02-10T17:18,36958.32,6824.05,11.4,11.4,0.0,18.0,44.4,78.8,266,3.92,0.9
Cologne,43.7218277,0.9774958,2024-02-11,61,10.2,4.2,7.5,5.3,0.6,2.6,2024-02-11T07:00,2024-02-11T17:19,37122.59,32057.21,4.3,4.3,0.0,10.0,36.5,61.9,263,8.47,1.25
Cologne,43.7218277,0.9774958,2024-02-12,63,11.5,4.3,7.8,7.8,1.5,4.2,2024-02-12T06:59,2024-02-12T17:20,37288.16,5624.4,9.0,9.0,0.0,15.0,40.7,71.3,245,3.34,0.66
Cologne,43.7218277,0.9774958,2024-02-13,3,15.4,3.9,8.3,14.5,0.9,6.3,2024-02-13T06:58,2024-02-13T17:22,37454.88,29910.5,0.0,0.0,0.0,0.0,11.8,23.0,121,11.07,1.44
Cologne,43.7218277,0.9774958,2024-02-14,3,18.5,5.2,11.2,17.0,2.5,8.8,2024-02-14T06:56,2024-02-14T17:23,37622.56,30998.99,0.0,0.0,0.0,0.0,22.0,36.7,119,12.1,2.1
Cologne,43.7218277,0.9774958,2024-02-15,3,15.8,10.2,12.3,11.8,5.4,8.3,2024-02-15T06:55,2024-02-15T17:25,37791.05,31862.81,0.0,0.0,0.0,0.0,37.1,63.4,123,9.66,1.69
Cologne,43.7218277,0.9774958,2024-02-16,63,11.8,8.9,10.8,10.3,6.9,8.6,2024-02-16T06:53,2024-02-16T17:26,37960.18,0.0,20.9,20.9,0.0,22.0,21.0,37.4,273,2.46,0.48
Cologne,43.7218277,0.9774958,2024-02-17,51,12.9,5.0,8.9,10.3,1.9,6.5,2024-02-17T06:52,2024-02-17T17:27,38129.8,33278.57,0.1,0.1,0.0,1.0,15.3,30.2,296,9.76,1.39
Cologne,43.7218277,0.9774958,2024-02-18,51,13.4,2.2,8.4,11.3,-0.9,6.0,2024-02-18T06:50,2024-02-18T17:29,38299.76,26367.25,0.6,0.6,0.0,3.0,11.6,22.0,272,9.87,1.43
Cologne,43.7218277,0.9774958,2024-02-19,51,12.8,8.4,10.2,9.9,6.3,8.0,2024-02-19T06:49,2024-02-19T17:30,38469.9,16869.46,0.4,0.4,0.0,4.0,16.5,30.6,296,6.8,1.08
Cologne,43.7218277,0.9774958,2024-02-20,51,12.4,4.5,8.6,10.0,1.8,5.9,2024-02-20T06:47,2024-02-20T17:31,38640.08,28599.97,0.1,0.1,0.0,1.0,17.1,29.2,303,8.48,1.32
Cologne,43.7218277,0.9774958,2024-02-21,51,16.4,3.8,9.7,14.7,0.7,7.5,2024-02-21T06:46,2024-02-21T17:33,38810.14,14326.87,0.1,0.1,0.0,1.0,11.5,20.2,153,7.8,1.4
Dortmund,51.5142273,7.4652789,2024-01-01,61,7.6,5.6,6.6,2.4,0.5,1.5,2024-01-01T07:35,2024-01-01T15:31,28534.25,10303.4,2.1,2.1,0.0,6.0,30.0,56.2,223,1.86,0.86
Dortmund,51.5142273,7.4652789,2024-01-02,63,11.3,6.0,9.3,7.0,0.6,4.4,2024-01-02T07:35,2024-01-02T15:32,28604.8,0.0,23.0,23.0,0.0,21.0,38.2,78.1,210,0.6,0.63
Dortmund,51.5142273,7.4652789,2024-01-03,61,9.7,7.3,8.5,4.6,2.2,3.4,2024-01-03T07:35,2024-01-03T15:33,28681.16,4369.91,9.5,9.5,0.0,16.0,37.2,68.0,235,1.26,0.68
Dortmund,51.5142273,7.4652789,2024-01-04,53,7.2,5.1,6.7,3.3,2.0,2.7,2024-01-04T07:35,2024-01-04T15:34,28763.18,280.04,5.5,5.5,0.0,17.0,27.5,50.8,250,0.67,0.25
Dortmund,51.5142273,7.4652789,2024-01-05,53,8.1,6.1,7.2,3.7,2.1,2.8,2024-01-05T07:34,2024-01-05T15:35,28850.7,7283.05,1.4,1.4,0.0,4.0,26.6,49.0,204,1.61,0.72
Dortmund,51.5142273,7.4652789,2024-01-06,51,6.1,1.2,3.3,3.1,-2.3,0.1,2024-01-06T07:34,2024-01-06T15:36,28943.56,0.0,1.6,1.6,0.0,14.0,12.7,26.6,308,0.62,0.18
Dortmund,51.5142273,7.4652789,2024-01-07,71,1.2,-2.9,-0.6,-2.4,-8.5,-5.8,2024-01-07T07:34,2024-01-07T15:38,29041.61,14608.74,0.3,0.2,0.07,2.0,25.1,48.6,43,2.83,0.55
Dortmund,51.5142273,7.4652789,2024-01-08,3,-2.2,-5.8,-3.7,-8.2,-11.9,-9.9,2024-01-08T07:33,2024-01-08T15:39,29144.7,21458.04,0.0,0.0,0.0,0.0,25.1,47.5,54,4.13,0.83
Dortmund,51.5142273,7.4652789,2024-01-09,0,-1.3,-6.3,-4.7,-7.8,-12.4,-10.8,2024-01-09T07:33,2024-01-09T15:40,29252.66,24230.59,0.0,0.0,0.0,0.0,20.4,39.2,60,4.82,1.06
Dortmund,51.5142273,7.4652789,2024-01-10,0,0.6,-6.4,-4.2,-4.6,-11.8,-9.3,2024-01-10T07:32,2024-01-10T15:42,29365.33,24328.31,0.0,0.0,0.0,0.0,14.1,27.0,63,4.58,0.89
Dortmund,51.5142273,7.4652789,2024-01-11,3,-0.5,-7.1,-3.7,-4.3,-11.2,-7.5,2024-01-11T07:32,2024-01-11T15:43,29482.57,24371.29,0.0,0.0,0.0,0.0,7.4,16.6,42,4.51,0.38
Dortmund,51.5142273,7.4652789,2024-01-12,51,1.2,-1.3,0.1,-2.4,-4.4,-3.3,2024-01-12T07:31,2024-01-12T15:44,29604.2,0.0,0.1,0.1,0.0,1.0,11.6,21.6,251,1.39,0.18
Dortmund,51.5142273,7.4652789,2024-01-13,51,2.2,0.5,1.2,-2.6,-4.2,-3.4,2024-01-13T07:30,2024-01-13T15:46,29730.34,0.0,0.6,0.6,0.0,6.0,22.1,39.6,243,0.88,0.16
Dortmund,51.5142273,7.4652789,2024-01-14,73,1.2,-0.4,0.4,-3.6,-5.9,-4.9,2024-01-14T07:30,2024-01-14T15:47,29862.39,0.0,1.6,0.3,0.91,5.0,22.7,41.8,241,1.03,0.19
Dortmund,51.5142273,7.4652789,2024-01-15,73,1.9,-1.5,0.1,-3.9,-6.8,-5.4,2024-01-15T07:29,2024-01-15T15:49,30000.29,5374.03,4.3,0.0,3.01,16.0,24.9,50.0,256,2.78,0.37
Dortmund,51.5142273,7.4652789,2024-01-16,71,0.4,-4.5,-1.7,-4.6,-9.2,-6.8,2024-01-16T07:28,2024-01-16T15:50,30143.75,13044.82,0.6,0.0,0.42,4.0,19.7,37.1,230,3.55,0.39
Dortmund,51.5142273,7.4652789,2024-01-17,75,0.9,-4.8,-2.4,-2.2,-9.6,-6.2,2024-01-17T07:27,2024-01-17T15:52,30292.46,0.0,5.1,0.0,3.57,10.0,13.0,22.7,149,1.32,0.26
Dortmund,51.5142273,7.4652789,2024-01-18,71,0.8,-6.6,-3.2,-2.7,-11.0,-6.9,2024-01-18T07:26,2024-01-18T15:53,30446.14,25330.17,0.7,0.0,0.49,5.0,10.1,16.6,264,5.5,0.38
Dortmund,51.5142273,7.4652789,2024-01-19,3,-0.2,-5.1,-2.4,-4.6,-9.7,-7.3,2024-01-19T07:25,2024-01-19T15:55,30604.47,25007.79,0.0,0.0,0.0,0.0,20.4,37.1,227,5.38,0.34
Dortmund,51.5142273,7.4652789,2024-01-20,3,0.3,-4.2,-2.1,-4.1,-9.5,-7.3,2024-01-20T07:24,2024-01-20T15:57,30767.17,25863.14,0.0,0.0,0.0,0.0,21.0,37.1,206,5.55,0.68
Dortmund,51.5142273,7.4652789,2024-01-21,3,6.0,-0.2,2.8,-0.6,-7.5,-3.9,2024-01-21T07:23,2024-01-21T15:58,30933.97,7200.0,0.0,0.0,0.0,0.0,34.8,64.4,194,2.51,1.31
Dortmund,51.5142273,7.4652789,2024-01-22,71,10.4,5.2,7.8,4.7,-0.7,1.8,2024-01-22T07:22,2024-01-22T16:00,31104.58,4541.92,11.4,11.3,0.07,14.0,40.7,74.9,226,1.58,0.83
Dortmund,51.5142273,7.4652789,2024-01-23,53,10.3,4.4,6.3,5.1,-0.8,1.0,2024-01-23T07:21,2024-01-23T16:02,31278.72,15273.47,3.8,3.8,0.0,12.0,34.1,62.6,234,3.51,0.76
Dortmund,51.5142273,7.4652789,2024-01-24,53,12.4,6.2,9.5,6.8,1.8,3.9,2024-01-24T07:19,2024-01-24T16:04,31456.15,19412.65,2.1,2.1,0.0,11.0,40.2,83.5,251,3.93,1.21
Dortmund,51.5142273,7.4652789,2024-01-25,51,8.7,3.2,6.5,5.4,-0.4,3.1,2024-01-25T07:18,2024-01-25T16:05,31636.59,21465.61,0.7,0.7,0.0,4.0,19.5,37.8,234,4.26,0.57
Dortmund,51.5142273,7.4652789,2024-01-26,61,10.4,2.1,7.5,6.2,-2.1,3.2,2024-01-26T07:17,2024-01-26T16:07,31819.79,11056.39,4.4,4.4,0.0,8.0,32.2,67.3,247,2.24,0.62
Dortmund,51.5142273,7.4652789,2024-01-27,1,7.2,0.6,2.6,3.5,-3.5,-1.2,2024-01-27T07:16,2024-01-27T16:09,32005.49,27151.24,0.0,0.0,0.0,0.0,14.8,28.4,218,6.17,0.65
Dortmund,51.5142273,7.4652789,2024-01-28,2,11.6,1.0,6.5,8.6,-3.0,1.8,2024-01-28T07:14,2024-01-28T16:11,32193.47,27373.48,0.0,0.0,0.0,0.0,22.7,40.0,167,6.4,1.9
Dortmund,51.5142273,7.4652789,2024-01-29,2,12.4,6.8,8.9,10.2,2.5,5.1,2024-01-29T07:13,2024-01-29T16:12,32383.48,23261.46,0.0,0.0,0.0,0.0,22.0,39.6,192,5.8,1.51
Dortmund,51.5142273,7.4652789,2024-01-30,51,12.7,7.0,9.1,9.8,3.5,5.5,2024-01-30T07:11,2024-01-30T16:14,32575.3,11266.53,0.2,0.2,0.0,2.0,25.0,46.4,222,3.51,0.97
Dortmund,51.5142273,7.4652789,2024-01-31,51,7.3,4.4,5.9,3.9,-0.9,2.0,2024-01-31T07:10,2024-01-31T16:16,32768.7,1719.64,0.2,0.2,0.0,2.0,24.8,45.7,237,2.61,0.72
Dortmund,51.5142273,7.4652789,2024-02-01,61,7.8,3.0,6.2,4.4,-0.8,2.3,2024-02-01T07:09,2024-02-01T16:18,32963.46,22757.25,4.1,4.1,0.0,6.0,24.4,44.6,263,5.58,0.78
Dortmund,51.5142273,7.4652789,2024-02-02,51,8.3,3.0,6.3,4.1,-0.7,1.6,2024-02-02T07:07,2024-02-02T16:19,33159.73,0.0,0.5,0.5,0.0,5.0,27.4,50.4,237,2.6,0.77
Dortmund,51.5142273,7.4652789,2024-02-03,53,9.7,7.5,8.5,6.2,3.2,4.7,2024-02-03T07:05,2024-02-03T16:21,33359.48,0.0,4.0,4.0,0.0,18.0,23.8,43.9,244,0.85,0.26
Dortmund,51.5142273,7.4652789,2024-02-04,61,10.5,8.7,9.4,6.0,4.0,5.2,2024-02-04T07:04,2024-02-04T16:23,33562.79,0.0,10.1,10.1,0.0,23.0,30.9,56.9,250,1.34,0.35
Dortmund,51.5142273,7.4652789,2024-02-05,51,10.6,7.4,8.7,5.5,2.0,3.6,2024-02-05T07:02,2024-02-05T16:25,33769.35,13225.84,0.6,0.6,0.0,4.0,35.1,65.2,243,4.37,1.05
Dortmund,51.5142273,7.4652789,2024-02-06,53,9.5,7.6,8.7,4.3,2.5,3.5,2024-02-06T07:01,2024-02-06T16:27,33978.93,0.0,2.8,2.8,0.0,16.0,32.1,66.6,230,1.13,0.8
Dortmund,51.5142273,7.4652789,2024-02-07,73,9.6,-0.5,4.4,4.6,-4.1,1.3,2024-02-07T06:59,2024-02-07T16:29,34191.23,0.0,13.0,11.8,0.84,11.0,36.1,70.2,243,1.41,0.32
Dortmund,51.5142273,7.4652789,2024-02-08,61,10.5,-0.5,4.1,7.3,-4.0,1.1,2024-02-08T06:57,2024-02-08T16:30,34406.0,0.0,10.7,10.7,0.0,14.0,20.6,37.8,111,1.15,0.24
Dortmund,51.5142273,7.4652789,2024-02-09,61,12.9,9.6,10.6,10.0,6.0,7.4,2024-02-09T06:55,2024-02-09T16:32,34623.0,16443.43,7.1,7.1,0.0,14.0,25.1,47.9,198,4.17,0.85
Dortmund,51.5142273,7.4652789,2024-02-10,61,14.0,7.9,10.6,12.3,5.1,8.5,2024-02-10T06:54,2024-02-10T16:34,34841.97,25921.56,3.8,3.8,0.0,5.0,17.8,33.8,154,6.21,0.91
Dortmund,51.5142273,7.4652789,2024-02-11,51,10.1,5.4,8.0,8.1,2.6,5.4,2024-02-11T06:52,2024-02-11T16:36,35062.68,1140.31,0.1,0.1,0.0,1.0,20.3,38.5,217,2.42,0.48
Dortmund,51.5142273,7.4652789,2024-02-12,53,8.3,2.9,5.9,5.1,-0.4,2.8,2024-02-12T06:50,2024-02-12T16:38,35284.89,10800.0,2.5,2.5,0.0,13.0,15.8,33.1,248,3.25,0.44
Dortmund,51.5142273,7.4652789,2024-02-13,51,8.7,2.5,5.6,4.5,-1.7,1.6,2024-02-13T06:48,2024-02-13T16:40,35508.39,15800.56,0.2,0.2,0.0,2.0,22.1,41.8,215,5.45,0.9
Dortmund,51.5142273,7.4652789,2024-02-14,61,12.0,8.0,10.1,8.8,3.0,6.5,2024-02-14T06:46,2024-02-14T16:41,35732.96,592.25,6.3,6.3,0.0,14.0,25.8,46.8,217,2.32,0.74
Dortmund,51.5142273,7.4652789,2024-02-15,61,15.2,10.5,12.5,13.2,8.1,9.8,2024-02-15T06:44,2024-02-15T16:43,35958.36,7962.94,2.6,2.6,0.0,6.0,22.9,40.7,191,4.1,1.17
Dortmund,51.5142273,7.4652789,2024-02-16,53,15.3,9.5,12.3,12.1,7.3,9.4,2024-02-16T06:42,2024-02-16T16:45,36184.4,11029.73,2.4,2.4,0.0,13.0,25.0,49.0,223,4.04,1.22
Dortmund,51.5142273,7.4652789,2024-02-17,53,11.0,6.6,8.5,8.8,4.5,6.2,2024-02-17T06:40,2024-02-17T16:47,36410.87,7073.69,1.2,1.2,0.0,5.0,14.0,27.7,244,3.37,0.47
Dortmund,51.5142273,7.4652789,2024-02-18,61,9.9,7.7,8.6,6.9,3.3,4.4,2024-02-18T06:38,2024-02-18T16:49,36637.58,0.0,8.3,8.3,0.0,16.0,34.0,62.3,220,1.41,0.65
Dortmund,51.5142273,7.4652789,2024-02-19,61,10.3,7.1,8.2,6.7,3.1,4.7,2024-02-19T06:36,2024-02-19T16:51,36864.32,10895.7,5.6,5.6,0.0,19.0,24.8,53.3,268,4.15,0.6
Dortmund,51.5142273,7.4652789,2024-02-20,51,10.3,4.7,7.5,6.4,1.8,3.7,2024-02-20T06:34,2024-02-20T16:52,37090.92,13085.59,0.4,0.4,0.0,2.0,23.1,45.4,242,5.67,0.96
Dortmund,51.5142273,7.4652789,2024-02-21,55,10.3,7.7,8.7,6.4,3.1,4.3,2024-02-21T06:32,2024-02-21T16:54,37317.17,1200.71,5.4,5.4,0.0,11.0,28.4,52.2,210,3.93,1.09
Leipzig,51.3406321,12.3747329,2024-01-01,51,8.0,3.2,5.9,3.3,-0.6,1.4,2024-01-01T07:15,2024-01-01T15:12,28617.27,17228.88,0.4,0.4,0.0,2.0,22.8,41.0,228,2.78,0.79
Leipzig,51.3406321,12.3747329,2024-01-02,61,9.0,2.6,6.5,4.7,-1.1,2.4,2024-01-02T07:15,2024-01-02T15:13,28687.34,0.0,17.1,17.1,0.0,19.0,25.5,45.7,202,0.63,0.41
Leipzig,51.3406321,12.3747329,2024-01-03,61,10.2,7.2,8.9,5.2,2.7,4.3,2024-01-03T07:14,2024-01-03T15:14,28763.19,13010.83,4.2,4.2,0.0,8.0,29.2,58.3,232,2.17,0.92
Leipzig,51.3406321,12.3747329,2024-01-04,61,7.9,2.1,5.6,3.0,-0.9,1.1,2024-01-04T07:14,2024-01-04T15:15,28844.66,6033.75,4.0,4.0,0.0,11.0,31.4,57.6,270,1.91,0.63
Leipzig,51.3406321,12.3747329,2024-01-05,51,8.0,2.0,4.7,4.8,-1.1,1.6,2024-01-05T07:14,2024-01-05T15:16,28931.59,7375.59,0.2,0.2,0.0,2.0,17.3,29.9,181,2.48,0.35
Leipzig,51.3406321,12.3747329,2024-01-06,3,5.3,-0.4,2.0,3.2,-5.3,-1.4,2024-01-06T07:14,2024-01-06T15:18,29023.83,10361.82,0.0,0.0,0.0,0.0,17.1,31.0,78,2.45,0.28
Leipzig,51.3406321,12.3747329,2024-01-07,73,-0.7,-5.1,-2.2,-5.7,-10.7,-7.7,2024-01-07T07:13,2024-01-07T15:19,29121.23,38.3,0.7,0.0,0.49,5.0,22.6,42.1,28,1.95,0.55
Leipzig,51.3406321,12.3747329,2024-01-08,3,-4.8,-8.3,-6.7,-10.8,-13.4,-12.3,2024-01-08T07:13,2024-01-08T15:20,29223.63,20295.87,0.0,0.0,0.0,0.0,18.2,35.6,43,3.96,0.62
Leipzig,51.3406321,12.3747329,2024-01-09,0,-4.9,-10.2,-7.9,-10.3,-15.4,-13.0,2024-01-09T07:12,2024-01-09T15:21,29330.87,24162.52,0.0,0.0,0.0,0.0,14.5,27.7,53,4.78,0.48
Leipzig,51.3406321,12.3747329,2024-01-10,0,-1.2,-9.7,-6.6,-5.9,-14.6,-11.2,2024-01-10T07:12,2024-01-10T15:23,29442.8,24305.75,0.0,0.0,0.0,0.0,10.4,20.9,58,4.79,0.51
Leipzig,51.3406321,12.3747329,2024-01-11,3,-1.1,-9.3,-4.8,-5.1,-13.6,-9.0,2024-01-11T07:11,2024-01-11T15:24,29559.27,21600.0,0.0,0.0,0.0,0.0,13.7,25.9,294,4.34,0.39
Leipzig,51.3406321,12.3747329,2024-01-12,3,0.3,-1.8,-0.7,-3.8,-5.4,-4.8,2024-01-12T07:11,2024-01-12T15:25,29680.1,0.0,0.0,0.0,0.0,0.0,17.9,31.0,265,1.38,0.18
Leipzig,51.3406321,12.3747329,2024-01-13,51,2.0,-0.2,1.0,-3.0,-5.1,-4.3,2024-01-13T07:10,2024-01-13T15:27,29805.43,0.0,0.1,0.1,0.0,1.0,25.7,46.1,251,1.15,0.41
Leipzig,51.3406321,12.3747329,2024-01-14,71,2.8,0.3,1.3,-2.5,-6.3,-4.4,2024-01-14T07:09,2024-01-14T15:28,29936.62,356.69,2.3,1.1,0.84,14.0,27.7,48.6,253,1.44,0.47
Leipzig,51.3406321,12.3747329,2024-01-15,73,2.3,-0.6,0.8,-4.6,-6.5,-5.6,2024-01-15T07:09,2024-01-15T15:30,30073.64,11140.66,2.6,0.0,1.82,12.0,34.6,63.0,256,2.92,0.86
Leipzig,51.3406321,12.3747329,2024-01-16,73,1.6,-3.3,-0.5,-4.0,-7.6,-5.8,2024-01-16T07:08,2024-01-16T15:31,30216.19,18616.21,1.5,0.0,1.05,7.0,24.2,43.2,252,3.74,0.65
Leipzig,51.3406321,12.3747329,2024-01-17,75,2.4,-3.8,-1.1,-1.7,-8.5,-5.2,2024-01-17T07:07,2024-01-17T15:33,30363.96,10800.0,6.8,0.6,4.34,10.0,13.2,23.4,173,2.96,0.4
Leipzig,51.3406321,12.3747329,2024-01-18,73,-0.7,-5.3,-2.4,-4.6,-9.6,-6.3,2024-01-18T07:06,2024-01-18T15:34,30516.65,0.0,2.6,0.0,1.82,11.0,13.5,24.1,323,1.97,0.19
Leipzig,51.3406321,12.3747329,2024-01-19,1,-1.3,-6.1,-3.8,-6.6,-11.3,-9.1,2024-01-19T07:05,2024-01-19T15:36,30673.99,25744.65,0.0,0.0,0.0,0.0,22.4,40.0,242,5.47,0.35
Leipzig,51.3406321,12.3747329,2024-01-20,2,-0.3,-6.1,-3.0,-5.5,-10.7,-8.3,2024-01-20T07:04,2024-01-20T15:38,30835.68,25904.73,0.0,0.0,0.0,0.0,21.6,38.5,240,5.68,0.5
Leipzig,51.3406321,12.3747329,2024-01-21,3,2.8,-6.2,-0.9,-2.2,-10.9,-6.3,2024-01-21T07:03,2024-01-21T15:39,31001.44,14278.58,0.0,0.0,0.0,0.0,21.7,38.9,201,3.92,0.86
Leipzig,51.3406321,12.3747329,2024-01-22,55,9.7,3.6,6.3,5.0,-1.9,1.0,2024-01-22T07:02,2024-01-22T15:41,31170.99,2540.88,1.9,1.9,0.0,4.0,32.6,59.8,222,1.63,0.98
Leipzig,51.3406321,12.3747329,2024-01-23,55,7.5,3.5,5.2,2.1,-1.7,0.1,2024-01-23T07:00,2024-01-23T15:43,31344.07,17715.0,2.0,2.0,0.0,4.0,27.0,50.0,244,3.21,0.86
Leipzig,51.3406321,12.3747329,2024-01-24,61,11.0,5.5,8.7,5.5,0.2,2.7,2024-01-24T06:59,2024-01-24T15:45,31520.41,25209.13,7.7,7.7,0.0,8.0,40.0,72.0,256,4.71,1.39
Leipzig,51.3406321,12.3747329,2024-01-25,51,7.9,0.8,5.1,2.5,-2.5,0.6,2024-01-25T06:58,2024-01-25T15:46,31699.75,5840.55,0.2,0.2,0.0,2.0,28.9,52.9,270,2.8,0.75
Leipzig,51.3406321,12.3747329,2024-01-26,61,10.0,2.2,5.8,5.6,-2.0,1.6,2024-01-26T06:57,2024-01-26T15:48,31881.84,10800.0,3.1,3.1,0.0,4.0,29.6,55.1,249,2.73,0.62
Leipzig,51.3406321,12.3747329,2024-01-27,3,7.1,-0.4,3.1,2.7,-3.8,-1.2,2024-01-27T06:55,2024-01-27T15:50,32066.44,25881.88,0.0,0.0,0.0,0.0,20.6,37.1,266,5.91,0.72
Leipzig,51.3406321,12.3747329,2024-01-28,1,7.9,-2.4,1.9,4.7,-6.4,-2.1,2024-01-28T06:54,2024-01-28T15:52,32253.3,27536.58,0.0,0.0,0.0,0.0,13.4,23.0,168,6.38,0.86
Leipzig,51.3406321,12.3747329,2024-01-29,3,10.5,1.6,5.0,7.1,-3.2,0.7,2024-01-29T06:53,2024-01-29T15:53,32442.18,26918.52,0.0,0.0,0.0,0.0,15.8,27.0,190,6.15,1.34
Leipzig,51.3406321,12.3747329,2024-01-30,51,10.7,2.2,6.0,7.8,-1.5,2.5,2024-01-30T06:51,2024-01-30T15:55,32632.87,20234.82,0.7,0.7,0.0,3.0,14.6,24.8,207,4.78,0.91
Leipzig,51.3406321,12.3747329,2024-01-31,51,7.0,2.9,5.3,4.1,-2.2,1.8,2024-01-31T06:50,2024-01-31T15:57,32825.13,7264.17,0.4,0.4,0.0,4.0,21.7,38.2,248,2.96,0.5
Leipzig,51.3406321,12.3747329,2024-02-01,55,8.5,3.2,5.4,3.8,-1.3,0.8,2024-02-01T06:48,2024-02-01T15:59,33018.76,22307.66,2.3,2.3,0.0,6.0,23.5,41.8,266,5.35,0.96
Leipzig,51.3406321,12.3747329,2024-02-02,51,8.0,3.6,5.8,3.2,-0.8,1.0,2024-02-02T06:47,2024-02-02T16:00,33213.9,0.0,0.1,0.1,0.0,1.0,24.8,43.9,253,1.51,0.94
Leipzig,51.3406321,12.3747329,2024-02-03,53,9.2,7.9,8.6,5.2,3.3,4.0,2024-02-03T06:45,2024-02-03T16:02,33412.5,0.0,1.7,1.7,0.0,10.0,28.7,52.9,256,1.51,0.77
Leipzig,51.3406321,12.3747329,2024-02-04,61,10.3,7.7,8.7,5.6,3.4,4.4,2024-02-04T06:44,2024-02-04T16:04,33614.63,0.0,7.0,7.0,0.0,15.0,33.2,60.1,263,1.9,0.68
Leipzig,51.3406321,12.3747329,2024-02-05,51,11.9,6.9,9.6,6.4,2.0,4.3,2024-02-05T06:42,2024-02-05T16:06,33820.02,17390.63,1.7,1.7,0.0,8.0,38.2,69.1,257,4.43,1.38
Leipzig,51.3406321,12.3747329,2024-02-06,3,10.1,6.9,8.6,4.2,2.0,3.0,2024-02-06T06:40,2024-02-06T16:08,34028.4,6476.05,0.0,0.0,0.0,0.0,35.0,72.0,241,3.18,1.49
Leipzig,51.3406321,12.3747329,2024-02-07,71,9.8,2.2,5.0,4.1,-1.8,1.0,2024-02-07T06:39,2024-02-07T16:09,34239.51,0.0,9.7,9.6,0.07,15.0,34.9,65.5,252,0.91,0.54
Leipzig,51.3406321,12.3747329,2024-02-08,73,5.1,0.9,2.5,2.4,-2.5,-0.5,2024-02-08T06:37,2024-02-08T16:11,34453.08,3171.2,8.3,7.5,0.56,11.0,15.3,25.9,95,2.82,0.39
Leipzig,51.3406321,12.3747329,2024-02-09,53,13.1,2.6,8.7,10.1,-0.1,5.9,2024-02-09T06:35,2024-02-09T16:13,34668.87,10066.89,5.2,5.2,0.0,13.0,20.7,42.1,196,3.32,0.72
Leipzig,51.3406321,12.3747329,2024-02-10,55,14.0,8.3,10.0,12.7,5.8,8.0,2024-02-10T06:33,2024-02-10T16:15,34886.62,21750.76,1.9,1.9,0.0,5.0,14.9,25.6,123,5.5,0.78
Leipzig,51.3406321,12.3747329,2024-02-11,61,8.4,6.0,7.6,6.5,3.8,5.2,2024-02-11T06:32,2024-02-11T16:17,35106.11,0.0,8.9,8.9,0.0,14.0,19.1,35.6,294,1.79,0.31
Leipzig,51.3406321,12.3747329,2024-02-12,55,9.2,3.8,6.6,5.5,0.5,3.2,2024-02-12T06:30,2024-02-12T16:18,35327.11,29706.93,2.9,2.9,0.0,6.0,20.9,38.9,262,5.48,0.68
Leipzig,51.3406321,12.3747329,2024-02-13,51,8.5,2.4,4.6,4.0,-1.3,0.7,2024-02-13T06:28,2024-02-13T16:20,35549.39,28563.11,0.1,0.1,0.0,1.0,19.6,36.7,248,7.62,0.99
Leipzig,51.3406321,12.3747329,2024-02-14,53,10.8,3.8,7.7,7.7,0.0,4.0,2024-02-14T06:26,2024-02-14T16:22,35772.72,8184.01,3.1,3.1,0.0,6.0,19.6,35.3,213,4.0,0.97
Leipzig,51.3406321,12.3747329,2024-02-15,53,14.4,8.3,10.6,13.1,5.5,8.4,2024-02-15T06:24,2024-02-15T16:24,35996.91,12945.27,1.3,1.3,0.0,6.0,16.4,31.3,209,5.35,0.83
Leipzig,51.3406321,12.3747329,2024-02-16,61,16.4,8.2,11.8,14.1,5.0,9.2,2024-02-16T06:22,2024-02-16T16:26,36221.73,22860.01,4.3,4.3,0.0,6.0,16.2,29.9,203,6.02,1.3
Leipzig,51.3406321,12.3747329,2024-02-17,63,12.2,2.8,8.8,9.2,0.2,6.0,2024-02-17T06:20,2024-02-17T16:28,36446.99,18435.69,4.1,4.1,0.0,7.0,19.4,36.7,299,5.78,0.89
Leipzig,51.3406321,12.3747329,2024-02-18,61,13.0,1.7,7.6,9.7,-1.3,4.5,2024-02-18T06:18,2024-02-18T16:29,36672.48,16682.37,2.2,2.2,0.0,3.0,23.9,41.4,193,6.67,1.18
Leipzig,51.3406321,12.3747329,2024-02-19,53,9.2,6.8,8.0,5.5,1.7,3.8,2024-02-19T06:16,2024-02-19T16:31,36898.02,5468.67,4.8,4.8,0.0,16.0,27.9,52.2,267,3.37,0.71
Leipzig,51.3406321,12.3747329,2024-02-20,51,9.0,6.3,7.5,4.7,2.5,3.6,2024-02-20T06:14,2024-02-20T16:33,37123.41,11142.29,0.5,0.5,0.0,5.0,22.0,42.1,271,4.84,1.02
Leipzig,51.3406321,12.3747329,2024-02-21,51,11.6,6.5,8.6,7.3,2.6,4.4,2024-02-21T06:12,2024-02-21T16:35,37348.47,18783.61,1.1,1.1,0.0,7.0,24.2,44.6,228,6.07,1.49
Essen,51.4582235,7.0158171,2024-01-01,55,7.9,5.9,6.8,2.8,0.8,1.7,2024-01-01T07:37,2024-01-01T15:33,28575.84,13157.98,1.7,1.7,0.0,7.0,29.6,56.2,220,2.11,0.84
Essen,51.4582235,7.0158171,2024-01-02,63,11.4,6.9,9.5,7.5,1.3,4.8,2024-01-02T07:37,2024-01-02T15:34,28646.15,0.0,26.0,26.0,0.0,22.0,36.7,74.5,208,0.55,0.55
Essen,51.4582235,7.0158171,2024-01-03,63,9.7,7.4,8.5,4.7,2.5,3.5,2024-01-03T07:36,2024-01-03T15:35,28722.25,10125.65,11.8,11.8,0.0,19.0,37.7,69.1,234,1.72,0.6
Essen,51.4582235,7.0158171,2024-01-04,53,7.6,5.5,6.9,3.7,2.4,3.0,2024-01-04T07:36,2024-01-04T15:36,28804.0,396.77,5.3,5.3,0.0,18.0,24.9,48.2,245,0.82,0.25
Essen,51.4582235,7.0158171,2024-01-05,55,7.9,5.8,7.1,3.7,1.8,2.4,2024-01-05T07:36,2024-01-05T15:37,28891.22,1087.02,2.0,2.0,0.0,6.0,28.3,54.4,201,1.02,0.66
Essen,51.4582235,7.0158171,2024-01-06,51,6.2,1.3,3.3,3.6,-2.6,-0.0,2024-01-06T07:36,2024-01-06T15:38,28983.78,0.0,0.9,0.9,0.0,9.0,13.0,25.2,325,0.59,0.17
Essen,51.4582235,7.0158171,2024-01-07,51,1.6,-3.2,-0.4,-2.1,-8.8,-5.8,2024-01-07T07:35,2024-01-07T15:40,29081.5,13137.79,0.3,0.3,0.0,3.0,26.4,52.2,40,2.74,0.56
Essen,51.4582235,7.0158171,2024-01-08,3,-1.6,-5.5,-3.4,-8.3,-11.7,-9.8,2024-01-08T07:35,2024-01-08T15:41,29184.24,19299.49,0.0,0.0,0.0,0.0,25.9,51.5,53,3.86,0.87
Essen,51.4582235,7.0158171,2024-01-09,0,-1.1,-6.1,-4.4,-7.6,-12.4,-10.7,2024-01-09T07:34,2024-01-09T15:42,29291.84,24224.37,0.0,0.0,0.0,0.0,22.4,41.0,63,4.82,1.08
Essen,51.4582235,7.0158171,2024-01-10,1,0.9,-6.0,-3.8,-4.0,-11.9,-9.0,2024-01-10T07:34,2024-01-10T15:44,29404.14,24232.0,0.0,0.0,0.0,0.0,15.7,28.4,73,4.53,0.92
Essen,51.4582235,7.0158171,2024-01-11,3,0.2,-6.5,-3.2,-4.0,-11.3,-7.2,2024-01-11T07:33,2024-01-11T15:45,29520.99,24276.7,0.0,0.0,0.0,0.0,11.5,21.2,48,4.55,0.44
Essen,51.4582235,7.0158171,2024-01-12,51,1.6,-1.1,0.2,-1.7,-4.1,-3.0,2024-01-12T07:33,2024-01-12T15:46,29642.23,0.0,0.2,0.2,0.0,2.0,10.2,20.2,242,1.47,0.19
Essen,51.4582235,7.0158171,2024-01-13,51,2.4,0.2,1.1,-2.0,-4.1,-3.4,2024-01-13T07:32,2024-01-13T15:48,29767.96,0.0,0.3,0.3,0.0,3.0,20.7,38.2,236,0.96,0.15
Essen,51.4582235,7.0158171,2024-01-14,73,1.4,-0.4,0.4,-3.4,-5.8,-4.7,2024-01-14T07:31,2024-01-14T15:49,29899.58,0.0,2.0,0.8,0.84,11.0,22.2,42.1,237,1.1,0.18
Essen,51.4582235,7.0158171,2024-01-15,75,2.3,-1.3,0.3,-3.4,-6.5,-5.0,2024-01-15T07:30,2024-01-15T15:51,30037.04,6114.9,6.0,0.1,4.13,13.0,24.2,50.0,258,2.68,0.34
Essen,51.4582235,7.0158171,2024-01-16,73,0.5,-4.4,-1.7,-4.4,-9.3,-6.7,2024-01-16T07:30,2024-01-16T15:52,30180.04,12865.19,0.9,0.0,0.63,3.0,19.3,39.2,223,3.58,0.38
Essen,51.4582235,7.0158171,2024-01-17,73,0.6,-4.6,-2.4,-2.7,-9.6,-6.5,2024-01-17T07:29,2024-01-17T15:54,30328.28,0.0,4.5,0.0,3.15,10.0,15.8,28.4,158,1.16,0.27
Essen,51.4582235,7.0158171,2024-01-18,71,1.4,-6.5,-2.8,-2.3,-11.2,-6.6,2024-01-18T07:28,2024-01-18T15:55,30481.46,25479.85,0.4,0.0,0.28,3.0,11.7,20.2,291,5.52,0.38
Essen,51.4582235,7.0158171,2024-01-19,3,0.0,-4.7,-2.6,-4.5,-9.8,-7.6,2024-01-19T07:27,2024-01-19T15:57,30639.3,25113.54,0.0,0.0,0.0,0.0,19.0,35.3,214,5.16,0.31
Essen,51.4582235,7.0158171,2024-01-20,2,-0.7,-5.0,-2.7,-5.3,-10.8,-8.2,2024-01-20T07:26,2024-01-20T15:59,30801.49,25203.97,0.0,0.0,0.0,0.0,24.4,43.9,193,5.53,0.62
Essen,51.4582235,7.0158171,2024-01-21,3,6.3,-0.8,2.4,-0.2,-8.2,-4.2,2024-01-21T07:25,2024-01-21T16:00,30967.77,4371.29,0.0,0.0,0.0,0.0,33.9,62.3,188,2.29,1.1
Essen,51.4582235,7.0158171,2024-01-22,73,10.5,5.9,8.0,4.9,0.1,2.3,2024-01-22T07:23,2024-01-22T16:02,31137.85,5355.63,12.4,11.9,0.35,15.0,39.8,74.2,224,1.88,0.77
Essen,51.4582235,7.0158171,2024-01-23,73,10.7,4.1,6.5,5.8,-0.6,1.3,2024-01-23T07:22,2024-01-23T16:04,31311.46,14277.14,5.8,5.5,0.21,12.0,32.6,60.5,230,3.27,0.69
Essen,51.4582235,7.0158171,2024-01-24,53,12.5,6.3,9.6,6.7,2.1,4.2,2024-01-24T07:21,2024-01-24T16:06,31488.34,19454.54,3.1,3.1,0.0,12.0,41.7,83.9,251,4.27,1.17
Essen,51.4582235,7.0158171,2024-01-25,53,8.9,3.0,6.6,5.5,-0.4,3.3,2024-01-25T07:20,2024-01-25T16:07,31668.23,14180.15,1.5,1.5,0.0,6.0,18.7,35.6,227,3.83,0.53
Essen,51.4582235,7.0158171,2024-01-26,61,10.5,1.9,7.5,6.5,-2.2,3.3,2024-01-26T07:19,2024-01-26T16:09,31850.87,10800.0,6.0,6.0,0.0,8.0,34.5,65.9,247,2.57,0.64
Essen,51.4582235,7.0158171,2024-01-27,1,7.2,0.3,2.8,3.8,-4.1,-1.1,2024-01-27T07:17,2024-01-27T16:11,32036.02,27246.99,0.0,0.0,0.0,0.0,15.5,28.1,204,6.16,0.66
Essen,51.4582235,7.0158171,2024-01-28,1,10.9,2.5,6.7,7.7,-2.4,1.4,2024-01-28T07:16,2024-01-28T16:13,32223.44,27443.06,0.0,0.0,0.0,0.0,26.3,46.8,169,6.4,2.1
Essen,51.4582235,7.0158171,2024-01-29,3,12.4,6.6,8.8,9.8,1.7,4.9,2024-01-29T07:14,2024-01-29T16:14,32412.88,23330.64,0.0,0.0,0.0,0.0,24.5,45.7,183,5.48,1.45
Essen,51.4582235,7.0158171,2024-01-30,51,12.5,7.1,9.1,9.1,4.0,5.5,2024-01-30T07:13,2024-01-30T16:16,32604.14,4655.1,0.1,0.1,0.0,1.0,22.4,43.9,216,2.81,0.9
Essen,51.4582235,7.0158171,2024-01-31,51,7.3,4.4,5.8,4.1,-1.2,2.0,2024-01-31T07:12,2024-01-31T16:18,32796.97,4127.94,0.3,0.3,0.0,3.0,24.8,45.7,229,2.65,0.72
Essen,51.4582235,7.0158171,2024-02-01,61,7.9,2.6,6.2,5.0,-1.2,2.5,2024-02-01T07:10,2024-02-01T16:20,32991.16,24682.63,4.3,4.3,0.0,6.0,25.4,46.4,263,5.88,0.77
Essen,51.4582235,7.0158171,2024-02-02,51,8.5,2.9,6.3,4.6,-1.1,1.8,2024-02-02T07:09,2024-02-02T16:21,33186.86,0.0,0.4,0.4,0.0,4.0,26.0,50.0,233,2.42,0.68
Essen,51.4582235,7.0158171,2024-02-03,51,10.1,7.6,8.7,6.6,3.5,5.0,2024-02-03T07:07,2024-02-03T16:23,33386.04,0.0,2.4,2.4,0.0,15.0,22.9,42.8,242,0.92,0.26
Essen,51.4582235,7.0158171,2024-02-04,61,10.1,9.1,9.5,6.5,4.2,5.4,2024-02-04T07:05,2024-02-04T16:25,33588.75,0.0,8.2,8.2,0.0,19.0,30.7,55.8,248,1.13,0.3
Essen,51.4582235,7.0158171,2024-02-05,51,10.6,7.7,8.8,5.7,2.4,3.7,2024-02-05T07:04,2024-02-05T16:27,33794.73,17944.66,0.3,0.3,0.0,3.0,34.3,66.6,241,4.65,1.06
Essen,51.4582235,7.0158171,2024-02-06,51,9.9,7.8,9.0,5.0,2.4,3.6,2024-02-06T07:02,2024-02-06T16:29,34003.71,0.0,2.5,2.5,0.0,17.0,35.2,64.8,231,1.2,0.83
Essen,51.4582235,7.0158171,2024-02-07,73,9.6,-0.1,4.4,4.8,-3.4,1.4,2024-02-07T07:00,2024-02-07T16:30,34215.41,0.0,13.2,12.6,0.42,13.0,33.1,66.2,232,1.29,0.3
Essen,51.4582235,7.0158171,2024-02-08,61,10.4,-0.1,4.6,7.1,-3.4,1.6,2024-02-08T06:59,2024-02-08T16:32,34429.58,0.0,12.9,12.9,0.0,15.0,21.9,39.6,135,1.02,0.23
Essen,51.4582235,7.0158171,2024-02-09,61,13.0,9.7,10.7,9.7,5.8,7.4,2024-02-09T06:57,2024-02-09T16:34,34645.97,16774.41,8.3,8.3,0.0,11.0,26.1,51.1,194,4.07,0.86
Essen,51.4582235,7.0158171,2024-02-10,61,13.7,8.2,10.6,12.0,5.1,8.5,2024-02-10T06:55,2024-02-10T16:36,34864.33,22366.16,3.9,3.9,0.0,8.0,18.8,36.0,154,6.17,0.86
Essen,51.4582235,7.0158171,2024-02-11,51,10.1,6.0,8.4,8.1,3.2,5.7,2024-02-11T06:53,2024-02-11T16:38,35084.43,3600.0,0.3,0.3,0.0,3.0,19.9,40.3,211,2.91,0.5
Essen,51.4582235,7.0158171,2024-02-12,61,9.0,2.7,6.0,5.4,-0.7,2.9,2024-02-12T06:51,2024-02-12T16:40,35306.04,13863.53,4.3,4.3,0.0,13.0,16.8,36.7,246,4.01,0.52
Essen,51.4582235,7.0158171,2024-02-13,51,9.2,2.2,5.7,5.1,-2.1,1.7,2024-02-13T06:50,2024-02-13T16:42,35528.93,23985.93,0.6,0.6,0.0,3.0,22.6,42.8,209,5.97,0.94
Essen,51.4582235,7.0158171,2024-02-14,61,12.2,7.8,10.2,8.7,3.3,6.6,2024-02-14T06:48,2024-02-14T16:43,35752.87,0.0,5.2,5.2,0.0,8.0,23.8,48.2,215,2.14,0.62
Essen,51.4582235,7.0158171,2024-02-15,61,15.5,10.5,12.7,13.3,8.1,9.8,2024-02-15T06:46,2024-02-15T16:45,35977.66,9572.12,1.9,1.9,0.0,3.0,25.9,47.2,183,4.65,1.28
Essen,51.4582235,7.0158171,2024-02-16,53,15.3,9.3,12.1,12.0,7.1,9.2,2024-02-16T06:44,2024-02-16T16:47,36203.1,7995.68,2.4,2.4,0.0,9.0,25.5,47.2,216,3.41,1.06
Essen,51.4582235,7.0158171,2024-02-17,51,10.8,6.9,8.6,8.7,4.4,6.4,2024-02-17T06:42,2024-02-17T16:49,36428.96,4851.34,0.1,0.1,0.0,1.0,14.6,26.3,235,3.54,0.49
Essen,51.4582235,7.0158171,2024-02-18,55,9.8,7.8,8.5,5.6,3.4,4.3,2024-02-18T06:40,2024-02-18T16:51,36655.05,0.0,8.1,8.1,0.0,15.0,32.6,60.5,215,1.61,0.63
Essen,51.4582235,7.0158171,2024-02-19,55,10.1,7.2,8.3,6.6,3.7,4.9,2024-02-19T06:38,2024-02-19T16:52,36881.2,5135.13,4.7,4.7,0.0,19.0,22.9,43.6,265,3.62,0.51
Essen,51.4582235,7.0158171,2024-02-20,51,10.6,4.4,7.4,6.5,1.3,3.7,2024-02-20T06:36,2024-02-20T16:54,37107.19,11725.22,0.3,0.3,0.0,2.0,22.8,43.6,237,5.43,0.94
Essen,51.4582235,7.0158171,2024-02-21,61,10.6,7.9,8.8,6.0,3.4,4.4,2024-02-21T06:34,2024-02-21T16:56,37332.84,293.57,8.9,8.9,0.0,9.0,28.8,54.4,205,4.03,1.03
